,id,name,type,typecode,location_x,location_y,adname
0,B000AA420F,那家小馆(大兴店),餐饮服务;中餐厅;中餐厅,050100,116.344092,39.765335,大兴区
1,B0FFF4T3O0,小吊梨汤(新奥购物中心),餐饮服务;中餐厅;北京菜,050111,116.394273,39.999918,朝阳区
2,B000A849KF,九十九顶毡房(清河店),餐饮服务;中餐厅;特色/地方风味餐厅,050118,116.367722,40.040450,海淀区
3,B0FFH9KTNO,虾吃虾涮(良乡大学城店),餐饮服务;中餐厅;火锅店,050117,116.172124,39.722173,房山区
4,B000A87EYN,京味斋(小西天店),餐饮服务;中餐厅;北京菜,050111,116.361727,39.955130,海淀区
5,B0FFFAAECJ,小吊梨汤(白石桥店),餐饮服务;中餐厅;北京菜,050111,116.321833,39.935002,海淀区
6,B000A8VN8F,小吊梨汤(日坛店),餐饮服务;中餐厅;北京菜,050111,116.443460,39.920111,朝阳区
7,B000A9JRO6,大海碗(天桥店),餐饮服务;中餐厅;北京菜,050111,116.398046,39.880706,西城区
8,B000A7P667,清华大学观畴园,餐饮服务;中餐厅;中餐厅,050100,116.322438,40.0069,海淀区
9,B000A8186O,满朋轩餐厅,餐饮服务;中餐厅;清真菜馆,050121,116.406967,39.871676,东城区
10,B000A81J67,那家小馆(建国门店),餐饮服务;中餐厅;中餐厅,050100,116.447177,39.907225,朝阳区
11,B000A81K31,全聚德(清华园店),餐饮服务;中餐厅;北京菜,050111,116.330347,39.994045,海淀区
12,B000A87HTT,四季民福(灯市口店),餐饮服务;中餐厅;北京菜,050111,116.408734,39.918353,东城区
13,B000A87KG2,青年餐厅(星城店),餐饮服务;中餐厅;中餐厅,050100,116.062236,39.710640,房山区
14,B000A7YGZ8,素心小筑(后沙裕镇店),餐饮服务;中餐厅;中餐厅,050100,116.513645,40.102731,顺义区
15,B000A8WBS1,辣尚瘾(五道口店),餐饮服务;中餐厅;中餐厅,050100,116.323970,39.992090,海淀区
16,B0FFFW6XB4,吉乡三宝(密云店),餐饮服务;中餐厅;中餐厅,050100,116.820705,40.365976,密云区
17,B0FFFHBDYS,西贝莜面村,餐饮服务;中餐厅;西北菜,050115,116.290480,39.997849,海淀区
18,B000A7Q3QL,匹夫涮肉城(清源西路店),餐饮服务;中餐厅;火锅店,050117,116.321131,39.743980,大兴区
19,B000A8VNC6,盘古七星酒店自助餐厅,餐饮服务;中餐厅;中餐厅,050100,116.386752,39.993573,朝阳区
20,B000A8WY8N,汤城小厨(北京银泰中心in01),餐饮服务;中餐厅;广东菜(粤菜),050103,116.459625,39.907300,朝阳区
21,B000A80WKG,宏源南门涮肉(天坛店),餐饮服务;中餐厅;火锅店,050117,116.413541,39.873864,东城区
22,B000A8XDUR,魏老香鸡火锅(马驹桥店),餐饮服务;中餐厅;火锅店,050117,116.556812,39.758212,通州区
23,B000A8VZ7F,芦月轩羊蝎子(北蜂窝店),餐饮服务;中餐厅;火锅店,050117,116.329140,39.905972,海淀区
24,B000A7GVTR,福口居京味涮肉,餐饮服务;中餐厅;火锅店,050117,116.363691,39.967441,海淀区
25,B0FFG9V1R9,四季民福烤鸭店(故宫店),餐饮服务;中餐厅;北京菜,050111,116.402895,39.914624,东城区
26,B000A87K1D,提香源海鲜酒楼(东方普罗旺斯店),餐饮服务;中餐厅;海鲜酒楼,050119,116.453088,40.119239,昌平区
27,B000A84GO6,紫光园(通州店),餐饮服务;中餐厅;清真菜馆,050121,116.677257,39.894903,通州区
28,B000A9ONPA,牛街满恒记,餐饮服务;中餐厅;火锅店,050117,116.367652,39.932080,西城区
29,B000A8WB65,四季民福烤鸭店(东四十条店),餐饮服务;中餐厅;特色/地方风味餐厅,050118,116.430142,39.933956,东城区
30,B000A9PFM6,将太无二(凯德MALL西直门店),餐饮服务;外国餐厅;日本料理,050202,116.352886,39.941714,西城区
31,B0FFFADJGL,柳沟豆腐宴64号院,餐饮服务;中餐厅;中餐厅,050100,116.101341,40.444371,延庆区
32,B0FFFQ0XWO,司马缸酒楼,餐饮服务;中餐厅;综合酒楼,050101,117.271963,40.648095,密云区
33,B000A87R2H,木屋烧烤(欢乐谷店),餐饮服务;中餐厅;特色/地方风味餐厅,050118,116.500957,39.872734,朝阳区
34,B000A7RYT5,海底捞火锅(望京店),餐饮服务;中餐厅;火锅店,050117,116.484396,39.989924,朝阳区
35,B000A84P7D,好伦哥(天坛东门店),餐饮服务;快餐厅;快餐厅,050300,116.420529,39.883034,东城区
36,B000A7RWXB,大鸭梨烤鸭(左家庄店),餐饮服务;中餐厅;特色/地方风味餐厅,050118,116.444310,39.953834,朝阳区
37,B000A8VX4G,小吊梨汤(团结湖店),餐饮服务;中餐厅;中餐厅,050100,116.464039,39.929242,朝阳区
38,B000A7GVQ5,大鸭梨(亚运村店),餐饮服务;中餐厅;特色/地方风味餐厅,050118,116.377034,40.001528,朝阳区
39,B000A87GBD,海底捞火锅(紫竹桥店),餐饮服务;中餐厅;火锅店,050117,116.305095,39.944709,海淀区
40,B000A9OOH3,四季大盘涮肉(门头沟店),餐饮服务;中餐厅;火锅店,050117,116.108116,39.935261,门头沟区
41,B000AAASUB,金百万(良乡政通店),餐饮服务;中餐厅;中餐厅,050100,116.136981,39.747280,房山区
42,B000A8VODP,淮扬府(安定门店),餐饮服务;中餐厅;江苏菜,050105,116.408643,39.953928,东城区
43,B000A96U1D,望湘园(永旺店),餐饮服务;中餐厅;湖南菜(湘菜),050108,116.289391,40.096415,昌平区
44,B0FFF35K7Z,TRB Hutong,餐饮服务;外国餐厅;法式菜品餐厅,050204,116.403562,39.927573,东城区
45,B000A808IO,沸腾鱼乡(知春路分店),餐饮服务;中餐厅;四川菜(川菜),050102,116.346100,39.976700,海淀区
46,B000A47342,东方红(知春路店),餐饮服务;中餐厅;综合酒楼,050101,116.351128,39.977449,海淀区
47,B000A84FYK,吉野家(太平街店),餐饮服务;快餐厅;吉野家,050309,116.388162,39.880807,西城区
48,B000A8VUEX,高兴火锅(知春路店),餐饮服务;中餐厅;火锅店,050117,116.345746,39.975623,海淀区
49,B000A85036,和庆斋(颐泉山庄店),餐饮服务;中餐厅;火锅店,050117,116.269277,40.024622,海淀区
50,B0FFG8ASMY,站点比萨(永旺梦乐城店),餐饮服务;外国餐厅;西餐厅(综合风味),050201,116.292489,39.817419,丰台区
51,B0FFFAHQ37,海底捞火锅(天通苑店),餐饮服务;中餐厅;火锅店,050117,116.415396,40.070249,昌平区
52,B0FFF4N6GA,西贝莜面村(北京apm),餐饮服务;中餐厅;西北菜,050115,116.412487,39.914745,东城区
53,B0FFFZCGIK,海底捞火锅(亦庄力宝店),餐饮服务;中餐厅;火锅店,050117,116.501278,39.805042,大兴区
54,B0FFG6TB31,滇越乘象云南餐厅(次渠店),餐饮服务;中餐厅;云贵菜,050114,116.569766,39.803991,通州区
55,B000A8WA8P,和园主题餐厅,餐饮服务;中餐厅;中餐厅,050100,116.318776,39.989398,海淀区
56,B000AA3YM8,花马天堂云南餐厅(前门东大街),餐饮服务;中餐厅;云贵菜,050114,116.402060,39.901861,东城区
57,B000A8UE76,摸错门牛肚火锅(房山良乡店),餐饮服务;中餐厅;火锅店,050117,116.138650,39.735380,房山区
58,B000A83BNF,全聚德烤鸭店(天安门店),餐饮服务;中餐厅;北京菜,050111,116.399900,39.901424,东城区
59,B000A7GWKZ,渝信川菜(京泰店),餐饮服务;中餐厅;四川菜(川菜),050102,116.439849,39.907015,朝阳区
60,B0FFG8WXYC,花溪渔香,餐饮服务;中餐厅;海鲜酒楼,050119,116.864412,40.474149,密云区
61,B000A7X7SX,天厨妙香素食(清华店),餐饮服务;中餐厅;中式素菜馆,050120,116.329183,39.995194,海淀区
62,B0FFGSS1IU,鱼师傅,餐饮服务;中餐厅;中餐厅,050100,116.558669,40.400321,怀柔区
63,B0FFF49I8Q,巴依老爷新疆美食(清华东门店),餐饮服务;中餐厅;清真菜馆,050121,116.335402,39.997152,海淀区
64,B000A8VYI2,全聚德烤鸭店(朝阳北路店),餐饮服务;中餐厅;北京菜,050111,116.521815,39.924041,朝阳区
65,B000A883C2,同顺斋食府,餐饮服务;中餐厅;清真菜馆,050121,116.065183,39.636000,房山区
66,B0FFGCXVV0,川骄海鲜自助(万豪店),餐饮服务;中餐厅;海鲜酒楼,050119,116.434310,39.904309,东城区
67,B000A84ZFP,麻小麻辣诱惑(五道口店),餐饮服务;中餐厅;四川菜(川菜),050102,116.339221,39.992431,海淀区
68,B000A87BPR,闽都海鲜(百嘉城西南),餐饮服务;中餐厅;海鲜酒楼,050119,116.311013,40.080218,昌平区
69,B000A8WEQQ,东北锅台鱼,餐饮服务;中餐厅;东北菜,050113,116.457398,40.200195,昌平区
70,B000AA1ZFL,木屋烧烤(台湾街店),餐饮服务;中餐厅;特色/地方风味餐厅,050118,116.239537,39.904190,石景山区
71,B000A85ZPU,金鼎鱼香,餐饮服务;中餐厅;海鲜酒楼,050119,116.864835,40.474496,密云区
72,B000A87EZ3,汉舍中国菜馆(万通店),餐饮服务;中餐厅;中餐厅,050100,116.457032,39.919529,朝阳区
73,B000A81AU2,大益膳房,餐饮服务;中餐厅;综合酒楼,050101,116.313985,39.999324,海淀区
74,B0FFFZL125,丁丁洋回转自助火锅(长阳万科店),餐饮服务;中餐厅;火锅店,050117,116.210238,39.753049,房山区
75,B0FFF63TX1,汉丽轩(马驹桥店),餐饮服务;外国餐厅;韩国料理,050203,116.545624,39.759405,通州区
76,B000A9PNXY,大鹅岛灶台鱼,餐饮服务;中餐厅;海鲜酒楼,050119,116.263385,40.238303,昌平区
77,B000A87AT7,金真子自助烤肉,餐饮服务;中餐厅;特色/地方风味餐厅,050118,116.332138,40.078662,昌平区
78,B000A81IFH,八闽食府(福建大厦东北店),餐饮服务;中餐厅;福建菜,050110,116.398321,39.969314,朝阳区
79,B000A8VWES,海底捞火锅(王府井店)(暂停营业),餐饮服务;中餐厅;火锅店,050117,116.411835,39.916047,东城区
80,B000A9Z13L,斋香园素食(安贞里店),餐饮服务;中餐厅;中式素菜馆,050120,116.396422,39.972808,朝阳区
81,B0FFFAJTVL,红蕃茄(北京阜成路店),餐饮服务;中餐厅;湖北菜(鄂菜),050112,116.298504,39.925166,海淀区
82,B000A886VQ,站点比萨(北大分店),餐饮服务;外国餐厅;西餐厅(综合风味),050201,116.303373,39.997648,海淀区
83,B000A8UKW8,四季民福炸酱面,餐饮服务;中餐厅;中餐厅,050100,116.397439,39.897056,西城区
84,B000A8W9L9,玫瑰花园自助烤肉(青年路店),餐饮服务;中餐厅;特色/地方风味餐厅,050118,116.516494,39.933846,朝阳区
85,B0FFFAEM44,福成自助烤肉(青春路店),餐饮服务;中餐厅;特色/地方风味餐厅,050118,116.629800,40.317710,怀柔区
86,B0FFFAEON5,优尔自助烤肉(北二环店),餐饮服务;中餐厅;特色/地方风味餐厅,050118,117.110892,40.149899,平谷区
87,B0FFFAFBAY,海拉尔蒙古包,餐饮服务;中餐厅;特色/地方风味餐厅,050118,116.232933,39.769811,房山区
88,B0FFGLZEWK,火烧云,餐饮服务;中餐厅;云贵菜,050114,116.462879,39.921089,朝阳区
89,B0FFFHWLAW,肯德基(首都机场3店),餐饮服务;快餐厅;肯德基,050301,116.615334,40.057145,顺义区
90,B0FFG5A0AR,艎海传奇海鲜自助(丰联广场),餐饮服务;中餐厅;海鲜酒楼|餐饮服务;中餐厅;火锅店,050119|050117,116.438489,39.923541,朝阳区
91,B000A84I4L,阿里郎民族料理(天北路店),餐饮服务;外国餐厅;韩国料理,050203,116.576019,40.061364,顺义区
92,B0FFFAEJWF,汉丽轩海鲜火锅烤肉自助(梨园店),餐饮服务;外国餐厅;韩国料理,050203,116.665560,39.876154,通州区
93,B000A82FY4,福荣居褡裢火烧(东四北大街店),餐饮服务;中餐厅;北京菜,050111,116.416813,39.937163,东城区
94,B000A7E0UB,渝信川菜(长安店),餐饮服务;中餐厅;四川菜(川菜),050102,116.430586,39.909695,东城区
95,B000A85WIW,堂满客,餐饮服务;中餐厅;特色/地方风味餐厅,050118,116.699622,39.686249,通州区
96,B0FFGY5RJP,味源楼,餐饮服务;中餐厅;四川菜(川菜),050102,116.003177,40.449948,延庆区
97,B0FFF2UBYE,淳朴人家,体育休闲服务;休闲场所;休闲场所|餐饮服务;中餐厅;中餐厅,080500|050100,116.027684,40.542138,延庆区
98,B000A81AIJ,羊大爷涮肉(太舟坞店),餐饮服务;中餐厅;火锅店,050117,116.203059,40.040260,海淀区
99,B0FFF9L76B,和乐轩(红军营南路),餐饮服务;中餐厅;综合酒楼|餐饮服务;茶艺馆;茶艺馆,050101|050600,116.415379,40.033216,朝阳区
100,B000A85WIW,堂满客,餐饮服务;中餐厅;特色/地方风味餐厅,050118,116.699622,39.686249,通州区
101,B000A9OL0R,汉斯特自助烤肉(良乡店),餐饮服务;中餐厅;特色/地方风味餐厅,050118,116.141697,39.734827,房山区
102,B0FFGY5RJP,味源楼,餐饮服务;中餐厅;四川菜(川菜),050102,116.003177,40.449948,延庆区
103,B0FFF2UBYE,淳朴人家,体育休闲服务;休闲场所;休闲场所|餐饮服务;中餐厅;中餐厅,080500|050100,116.027684,40.542138,延庆区
104,B000A81AIJ,羊大爷涮肉(太舟坞店),餐饮服务;中餐厅;火锅店,050117,116.203059,40.040260,海淀区
105,B0FFF9L76B,和乐轩(红军营南路),餐饮服务;中餐厅;综合酒楼|餐饮服务;茶艺馆;茶艺馆,050101|050600,116.415379,40.033216,朝阳区
106,B000A881HA,迎宾饭庄(密三路),餐饮服务;中餐厅;中餐厅,050100,117.008716,40.054291,平谷区
107,B000A7XZ4D,咱家生态餐厅,餐饮服务;中餐厅;中餐厅,050100,116.618268,40.364791,怀柔区
108,B000A8XEBR,芝麻开火锅(平谷店),餐饮服务;中餐厅;火锅店,050117,117.130177,40.136479,平谷区
109,B000A843LL,福兰德酒楼(北关环岛店),餐饮服务;中餐厅;综合酒楼,050101,116.652706,39.921903,通州区
110,B0FFF6Q02R,安妮意大利餐厅(望京店),餐饮服务;外国餐厅;意式菜品餐厅,050205,116.481931,39.993752,朝阳区
111,B000A7PNCD,京东东北烧烤店,餐饮服务;中餐厅;特色/地方风味餐厅,050118,116.852130,40.384577,密云区
112,B000A8WBTJ,安妮意大利餐厅(光华国际店),餐饮服务;外国餐厅;意式菜品餐厅,050205,116.454486,39.915955,朝阳区
113,B0FFFVC8WX,古关火锅城,餐饮服务;中餐厅;火锅店,050117,117.275083,40.652621,密云区
114,B000A7ZTS1,四川孙鲶鱼(北土城店),餐饮服务;中餐厅;四川菜(川菜),050102,116.377877,39.976309,海淀区
115,B000A8X3PW,大红果食府(海洪店),餐饮服务;中餐厅;综合酒楼,050101,116.626336,40.140103,顺义区
116,B000A8898E,畅馨园餐厅,餐饮服务;中餐厅;中餐厅|商务住宅;商务住宅相关;商务住宅相关,050100|120000,116.301737,40.091479,昌平区
117,B000A80W62,海底捞火锅(劲松店),餐饮服务;中餐厅;火锅店,050117,116.473235,39.884676,朝阳区
118,B000A85IT9,小街卤煮(朝阳门店),餐饮服务;中餐厅;中餐厅,050100,116.426355,39.917548,东城区
119,B000A81BH2,阿森(亚运村店),餐饮服务;中餐厅;海鲜酒楼,050119,116.415943,40.009002,朝阳区
120,B0FFFA2D4W,比亚森啤酒健康烤肉(顺义店),餐饮服务;中餐厅;特色/地方风味餐厅,050118,116.648841,40.126756,顺义区
121,B000A85QV4,东来顺(双井店),餐饮服务;中餐厅;火锅店,050117,116.462201,39.896460,朝阳区
122,B000A874WL,京都怀石花传,餐饮服务;中餐厅;中餐厅,050100,116.386530,39.993767,朝阳区
123,B000A8ULHM,便宜坊(鲜鱼口店),餐饮服务;中餐厅;中餐厅,050100,116.400738,39.896481,东城区
124,B000A7D9XS,北新桥卤煮老店景林餐厅总店,餐饮服务;中餐厅;中餐厅,050100,116.416834,39.937299,东城区
125,B000A85SSP,东湖渔村,餐饮服务;中餐厅;海鲜酒楼,050119,117.038173,40.476811,密云区
126,B000A8URYB,许仙楼,餐饮服务;中餐厅;浙江菜,050106,116.444366,39.931730,朝阳区
127,B0FFGFF4M4,徽州小镇(鼓楼大街店),餐饮服务;中餐厅;安徽菜(徽菜),050109,116.396994,39.951891,东城区
128,B000A8TZIN,早春二月西山会馆,餐饮服务;中餐厅;综合酒楼,050101,116.200278,39.937231,石景山区
129,B000A84DHQ,兄弟川菜(樱花店),餐饮服务;中餐厅;四川菜(川菜),050102,116.426912,39.976865,朝阳区
130,B000A81J92,全聚德烤鸭店(什刹海店),餐饮服务;中餐厅;北京菜,050111,116.390806,39.935736,西城区
131,B000A87K3I,汇友湘菜馆,餐饮服务;中餐厅;湖南菜(湘菜),050108,116.394550,39.895547,西城区
132,B0FFG8S328,北京大红果餐饮有限公司,餐饮服务;中餐厅;综合酒楼|公司企业;公司;公司,050101|170200,116.851266,40.381747,密云区
133,B000ABBXPV,北京福海家园餐厅,餐饮服务;中餐厅;综合酒楼,050101,116.661732,40.292379,怀柔区
134,B000AAF9AD,万珍楼饭店,餐饮服务;中餐厅;综合酒楼,050101,116.135668,39.726953,房山区
135,B000A8W79O,蓝海钟鼎楼食府(西直门店),餐饮服务;中餐厅;综合酒楼,050101,116.349799,39.943710,海淀区
136,B000A87R4M,北皋阳坊涮羊肉,餐饮服务;中餐厅;清真菜馆,050121,116.508670,39.956639,朝阳区
137,B000A9ETNU,7号院老菜馆(天竺店),餐饮服务;中餐厅;东北菜,050113,116.572421,40.062296,顺义区
138,B000A87PCC,呷哺呷哺(天桥商场店),餐饮服务;快餐厅;呷哺呷哺,050311,116.398050,39.880613,西城区
139,B0FFHW9U5V,素虎素食(前门店),餐饮服务;中餐厅;中式素菜馆,050120,116.393174,39.899735,西城区
140,B0FFHDWF2O,第六季自助餐厅(西三环北路店),餐饮服务;中餐厅;中餐厅,050100,116.309003,39.953197,海淀区
141,B000A81GMD,北京国际饭店-星光汇旋转餐厅,餐饮服务;中餐厅;中餐厅,050100,116.428290,39.909791,东城区
142,B000A80OR5,大清花宫廷烤鸭(方庄店),餐饮服务;中餐厅;特色/地方风味餐厅,050118,116.437254,39.866251,丰台区
143,B000A7PA82,北京河家园饭庄,餐饮服务;中餐厅;中餐厅,050100,116.644585,40.289165,怀柔区
144,B000A8XE4S,华盛园宾馆(南苑机场店),餐饮服务;中餐厅;中餐厅,050100,116.380198,39.804049,丰台区
145,B0FFGB6SMI,美辰大酒楼,餐饮服务;中餐厅;综合酒楼,050101,116.089815,39.933872,门头沟区
146,B000A84HA1,天缘渔港(顺义店),餐饮服务;中餐厅;海鲜酒楼,050119,116.662793,40.122874,顺义区
147,B000A831C0,渔公码头(方庄店),餐饮服务;中餐厅;综合酒楼,050101,116.432855,39.865666,丰台区
148,B000A7QNXM,团圆食府(新东路),餐饮服务;中餐厅;综合酒楼,050101,116.858251,40.385238,密云区
149,B000A84BMO,素虎(清华店),餐饮服务;中餐厅;中式素菜馆,050120,116.334983,39.996281,海淀区
150,B000A87F45,红太阳生态园(来广营店),餐饮服务;中餐厅;中餐厅,050100,116.447944,40.025763,朝阳区
151,B000A8WAQA,唐宫海鲜舫(丰联广场店),餐饮服务;中餐厅;海鲜酒楼,050119,116.438568,39.923906,朝阳区
152,B000A8VMST,苏浙汇(北京英蓝店),餐饮服务;中餐厅;中餐厅,050100,116.357848,39.920426,西城区
153,B0FFF34UN6,峨眉酒家时尚餐厅丁宫保,餐饮服务;中餐厅;四川菜(川菜),050102,116.353191,39.930998,西城区
154,B000A80MR3,北京西安清真饭庄,餐饮服务;中餐厅;清真菜馆,050121,116.367113,39.909767,西城区
155,B000A7YNOD,浏阳河大酒楼(泉宗南路),餐饮服务;中餐厅;综合酒楼,050101,116.301344,39.960808,海淀区
156,B000A8VP4B,万荣美食广场(慧华苑店),餐饮服务;中餐厅;综合酒楼,050101,116.313083,40.078085,昌平区
157,B000A8U4QQ,裕德楼食府,餐饮服务;中餐厅;中餐厅,050100,116.426849,39.921802,东城区
158,B000A84BNN,全聚德烤鸭店(双榆树店),餐饮服务;中餐厅;北京菜,050111,116.32871,39.966875,海淀区
159,B000A7Q54J,齐鲁苑,餐饮服务;中餐厅;山东菜(鲁菜),050104,116.375865,39.970762,海淀区
160,B000A95BZQ,将太无二(赛特购物中心),餐饮服务;外国餐厅;日本料理,050202,116.441668,39.907196,朝阳区
161,B000AAASU0,铃木食堂(杨梅竹店),餐饮服务;外国餐厅;日本料理,050202,116.393610,39.895977,西城区
162,B000A7RWX5,大鸭梨烤鸭(望京店),餐饮服务;中餐厅;特色/地方风味餐厅,050118,116.477036,39.982405,朝阳区
163,B0FFFQ0WFB,古北水镇烧肉馆,餐饮服务;中餐厅;特色/地方风味餐厅,050118,117.278312,40.653915,密云区
164,B000A7BGLL,大三元(景山店),餐饮服务;中餐厅;中餐厅,050100,116.394006,39.923412,西城区
165,B000A7JUM7,大亨酒家,餐饮服务;中餐厅;潮州菜,050123,116.417961,39.974061,朝阳区
166,B000A7B160,北容酒楼(劲松路店),餐饮服务;中餐厅;综合酒楼,050101,116.452343,39.884842,朝阳区
167,B000AA1BV3,云海肴·云南菜(金地广场),餐饮服务;中餐厅;云贵菜,050114,116.474543,39.909296,朝阳区
168,B000A8X7ML,金泉美食宫(金泉广场店),餐饮服务;中餐厅;中餐厅,050100,116.412223,40.006064,朝阳区
169,B0FFH9KKCY,谈骨论斤大盆骨(顺义店),餐饮服务;中餐厅;中餐厅,050100,116.650040,40.117766,顺义区
170,B000A7S6SE,新川办餐厅,餐饮服务;中餐厅;四川菜(川菜),050102,116.455012,39.850094,朝阳区
171,B000AA1BLT,韭园酱菜,餐饮服务;中餐厅;中餐厅,050100,116.026273,39.970703,门头沟区
172,B000A87GJA,小云南(美术馆店),餐饮服务;中餐厅;云贵菜,050114,116.406781,39.926857,东城区
173,B0FFHDDK74,泰合院(月坛店),餐饮服务;外国餐厅;泰国/越南菜品餐厅,050206,116.340856,39.913828,西城区
174,B000A87J46,老诚一锅(亚运村店),餐饮服务;中餐厅;火锅店,050117,116.414887,39.994923,朝阳区
175,B000AA0I7A,寿州大饭店,餐饮服务;中餐厅;综合酒楼|住宿服务;宾馆酒店;宾馆酒店,050101|100100,116.334249,39.899122,海淀区
176,B000A7KVRV,金鼎轩(方庄店),餐饮服务;中餐厅;综合酒楼,050101,116.431873,39.865649,丰台区
177,B000A8WAI1,晋阳饭庄(永定路店),餐饮服务;中餐厅;特色/地方风味餐厅,050118,116.262990,39.909935,海淀区
178,B000A7QH3C,松子日本料理(朝阳北路店),餐饮服务;外国餐厅;日本料理,050202,116.464003,39.923584,朝阳区
179,B000A8X3ZX,金百万精品烤鸭(丰管路店),餐饮服务;中餐厅;特色/地方风味餐厅,050118,116.308669,39.857678,丰台区
180,B000A7Q9U6,傻四肉饼(劲松店),餐饮服务;中餐厅;中餐厅,050100,116.460322,39.881417,朝阳区
181,B0FFHEP10D,四季民福烤鸭店(前门大栅栏店),餐饮服务;中餐厅;特色/地方风味餐厅,050118,116.396570,39.895860,西城区
182,B000A26EDC,福口居(燕山分店),餐饮服务;中餐厅;中餐厅,050100,115.958530,39.733835,房山区
183,B000A879XL,眉州东坡酒楼(亦庄店),餐饮服务;中餐厅;四川菜(川菜),050102,116.510933,39.797161,大兴区
184,B000A16D28,御府新景,餐饮服务;中餐厅;综合酒楼,050101,116.380034,39.974963,海淀区
185,B000A7GXL7,何贤记(北大店),餐饮服务;中餐厅;广东菜(粤菜),050103,116.305642,39.987354,海淀区
186,B0FFFQ7M9C,黄泥烧鸽子(京周路),餐饮服务;中餐厅;中餐厅,050100,116.173387,39.773660,房山区
187,B000A7YYPF,护国寺小吃(护国寺总店),餐饮服务;中餐厅;中餐厅,050100,116.374837,39.935096,西城区
188,B000A8WBJL,护国寺小吃(天桥店),餐饮服务;中餐厅;特色/地方风味餐厅,050118,116.394355,39.887173,西城区
189,B000A8U8HJ,田老师红烧肉(鲁谷路店),餐饮服务;快餐厅;快餐厅,050300,116.227216,39.904281,石景山区
190,B0FFF54VYU,百花人家(门城水岸店),餐饮服务;中餐厅;中餐厅,050100,116.117453,39.942342,石景山区
191,B0FFHFJQ1L,御福楼海鲜私房菜,餐饮服务;中餐厅;海鲜酒楼,050119,116.163511,39.739680,房山区
192,B000A84319,晶湖湾(北花市店),餐饮服务;中餐厅;海鲜酒楼,050119,116.426969,39.898476,东城区
193,B000A14AFF,三合楼(三源里街店),餐饮服务;中餐厅;东北菜,050113,116.455992,39.952536,朝阳区
194,B000A88699,潇湘曾府养生园(清河店),餐饮服务;中餐厅;中餐厅,050100,116.364722,40.040439,海淀区
195,B000A87EWH,权品,餐饮服务;中餐厅;北京菜,050111,116.305372,39.980390,海淀区
196,B0FFG7LPYC,Pakpak喜悦泰,餐饮服务;外国餐厅;泰国/越南菜品餐厅,050206,116.481761,39.993760,朝阳区
197,B000A7BJQJ,来涮蜀串串香火锅(真武庙店),餐饮服务;中餐厅;火锅店,050117,116.351237,39.903843,西城区
198,B000A83IS5,金百万美食广场,餐饮服务;中餐厅;特色/地方风味餐厅,050118,117.116455,40.140874,平谷区
199,B000A856U7,顺峰(北京顺景店),餐饮服务;中餐厅;海鲜酒楼,050119,116.461502,39.973431,朝阳区
200,B000A7PYVN,眉州东坡酒楼(将台店),餐饮服务;中餐厅;四川菜(川菜),050102,116.511405,39.951827,朝阳区
201,B000A85YK1,樱町三味日本料理,餐饮服务;外国餐厅;日本料理,050202,116.518056,39.784576,大兴区
202,B000A85QL5,宏状元(大山子店),餐饮服务;中餐厅;中餐厅,050100,116.489278,39.986575,朝阳区
203,B000A8XB4W,眉州东坡酒楼(国奥村店),餐饮服务;中餐厅;四川菜(川菜),050102,116.381401,40.008487,朝阳区
204,B000A85XRS,百花人家(清水镇店),餐饮服务;中餐厅;中餐厅,050100,115.626112,39.943568,门头沟区
205,B000A7PYME,满意饭店(西大路),餐饮服务;中餐厅;清真菜馆,050121,116.709788,39.719907,通州区
206,B000A839ZM,麻辣诱惑(汉光店),餐饮服务;中餐厅;特色/地方风味餐厅,050118,116.375694,39.909280,西城区
207,B000A8XFFI,北京福楼法餐厅,餐饮服务;外国餐厅;法式菜品餐厅,050204,116.470461,39.963553,朝阳区
208,B0FFFP9Y60,BLT美式休闲西餐厅,餐饮服务;外国餐厅;美式风味,050208,116.440457,39.910134,朝阳区
209,B0FFFTPPZ5,名门菜根香(大马环岛店),餐饮服务;中餐厅;四川菜(川菜),050102,117.123101,40.140728,平谷区
210,B000A8VTT2,一轩饺子馆(北小河店),餐饮服务;中餐厅;特色/地方风味餐厅,050118,116.457088,40.005638,朝阳区
211,B000A87GVX,伊尹海参馆(花园东路店),餐饮服务;中餐厅;海鲜酒楼,050119,116.372194,39.977069,海淀区
212,B000A85NJS,田老师红烧肉(世纪村店),餐饮服务;快餐厅;快餐厅,050300,116.430535,39.995371,朝阳区
213,B0FFG8VSZ0,丹江渔村(四季青店),餐饮服务;中餐厅;海鲜酒楼,050119,116.256741,39.937768,海淀区
214,B000A8USZM,麦当劳就餐区(3号航站楼C区),餐饮服务;快餐厅;麦当劳,050302,116.617663,40.054773,顺义区
215,B000A8X8AR,田老师红烧肉(北京西站店)(装修中),餐饮服务;快餐厅;快餐厅,050300,116.328657,39.896430,西城区
216,B000A9JKV2,晋风庄园(大兴店),餐饮服务;中餐厅;安徽菜(徽菜),050109,116.381494,39.763946,大兴区
217,B000A7BGWE,沪江香满楼,餐饮服务;中餐厅;上海菜,050107,116.426364,39.933285,东城区
218,B0FFF62BPH,小吊梨汤(后沙峪店),餐饮服务;中餐厅;中餐厅,050100,116.542975,40.098921,顺义区
219,B000A8755P,大董(金宝汇购物中心),餐饮服务;中餐厅;特色/地方风味餐厅,050118,116.421159,39.915178,东城区
220,B000A8X88R,海底捞火锅(大屯北路店),餐饮服务;中餐厅;火锅店,050117,116.412728,40.006152,朝阳区
221,B000A9JJG9,豪尚豪牛排馆(方庄店),餐饮服务;外国餐厅;西餐厅(综合风味),050201,116.431164,39.866391,丰台区
222,B000A83CBU,鲁味坊(芳群园店),餐饮服务;中餐厅;山东菜(鲁菜),050104,116.424805,39.863628,丰台区
223,B000A82T2N,川浙会(上地店),餐饮服务;中餐厅;浙江菜,050106,116.311416,40.030587,海淀区
224,B000A7IAFZ,民天酒楼(石佛营店),餐饮服务;中餐厅;综合酒楼,050101,116.502365,39.932773,朝阳区
225,B000A7D39H,黎昌海鲜大酒楼(方庄店),餐饮服务;中餐厅;海鲜酒楼,050119,116.444357,39.871473,丰台区
226,B000A69BF8,羲和雅居,餐饮服务;中餐厅;广东菜(粤菜),050103,116.446316,39.917195,朝阳区
227,B000A80VCP,双福食府(北京分店),餐饮服务;中餐厅;东北菜|餐饮服务;中餐厅;特色/地方风味餐厅|地名地址信息;地名地址信息;地名地址信息,050113|050118|190000,116.419186,39.954290,东城区
228,B000A7WZFG,麻辣无限(石佛营店),餐饮服务;中餐厅;四川菜(川菜),050102,116.502342,39.932023,朝阳区
229,B000A7C24Z,东城阁湘菜馆(府前东街店),餐饮服务;中餐厅;湖南菜(湘菜),050108,116.638533,40.316111,怀柔区
230,B000A84E9D,大鸭梨烤鸭(花乡首经贸店),餐饮服务;中餐厅;特色/地方风味餐厅,050118,116.320592,39.840815,丰台区
231,B000A8XDH2,如鱼得水(机场店),餐饮服务;中餐厅;中餐厅,050100,116.589967,40.041956,顺义区
232,B000A85PR8,京味斋(奥体店),餐饮服务;中餐厅;北京菜,050111,116.410609,39.983417,朝阳区
233,B000A83CQX,潮湘宫(潇湘大厦店),餐饮服务;中餐厅;中餐厅,050100,116.392606,39.883250,西城区
234,B000A87R2V,健将一品粥(永定路店),餐饮服务;中餐厅;中餐厅,050100,116.265283,39.907140,海淀区
235,B000A84ET6,北京小肠陈卤煮(花乡草桥分店),餐饮服务;中餐厅;中餐厅,050100,116.360065,39.850036,丰台区
236,B000A8VZSV,田老师红烧肉(上地六街店),餐饮服务;快餐厅;快餐厅,050300,116.303429,40.042578,海淀区
237,B000A85N8W,田老师红烧肉(朝阳公园店),餐饮服务;快餐厅;快餐厅,050300,116.472017,39.944838,朝阳区
238,B000A9N487,潇湘府(望京店),餐饮服务;中餐厅;湖南菜(湘菜),050108,116.459444,40.011575,朝阳区
239,B000A80XDO,金水桃源饭店(南站角门店),餐饮服务;中餐厅;中餐厅,050100,116.378389,39.843655,丰台区
240,B0FFFADMXW,白河渔家农家餐厅,体育休闲服务;休闲场所;休闲场所|餐饮服务;中餐厅;中餐厅,080500|050100,116.294613,40.661692,延庆区
241,B000A9JLEI,田老师红烧肉(阜石路店),餐饮服务;快餐厅;快餐厅,050300,116.113941,39.935644,门头沟区
242,B000A7RFF8,粥全粥道(旧宫店),餐饮服务;中餐厅;中餐厅,050100,116.456018,39.810487,大兴区
243,B000A80JDF,潇湘酒家(广安门外南街),餐饮服务;中餐厅;湖南菜(湘菜),050108,116.346525,39.887815,西城区
244,B000A7X59I,十全舫海鲜酒楼(石榴庄西街店),餐饮服务;中餐厅;海鲜酒楼,050119,116.415282,39.841739,丰台区
245,B000A7QC5O,香港狮子山下(北京总店),餐饮服务;中餐厅;广东菜(粤菜),050103,116.456142,39.931831,朝阳区
246,B000A7BE1Z,吉祥鸟湘菜(朝外店),餐饮服务;中餐厅;湖南菜(湘菜),050108,116.440444,39.925788,朝阳区
247,B000A2B6B4,泓盛花园,餐饮服务;中餐厅;中餐厅,050100,116.391223,39.976528,朝阳区
248,B0FFFAELG4,金釜山自助烤肉(大成路店),餐饮服务;外国餐厅;韩国料理,050203,116.255119,39.889745,丰台区
249,B000A81JM6,宴铭园(清华店),餐饮服务;中餐厅;浙江菜,050106,116.332388,39.996187,海淀区
250,B0FFFAELG4,金釜山自助烤肉(大成路店),餐饮服务;外国餐厅;韩国料理,050203,116.255119,39.889745,丰台区
251,B000A81JM6,宴铭园(清华店),餐饮服务;中餐厅;浙江菜,050106,116.332388,39.996187,海淀区
252,B000A4F661,日坛饭庄,餐饮服务;中餐厅;中餐厅,050100,116.441915,39.913504,朝阳区
253,B000A395DC,万吉大丰和(世纪城店),餐饮服务;中餐厅;综合酒楼,050101,116.284028,39.950583,海淀区
254,B000A8Z9GK,蓝钻自助百汇(石景山店),餐饮服务;中餐厅;中餐厅,050100,116.245247,39.903409,石景山区
255,B000A880YH,嘉园烧烤,餐饮服务;中餐厅;清真菜馆,050121,116.325868,39.605456,大兴区
256,B000A9JP9A,过桥米线,餐饮服务;快餐厅;快餐厅,050300,116.165678,39.767815,房山区
257,B000A7NQ7V,全聚德烤鸭店(奥运村店),餐饮服务;中餐厅;北京菜,050111,116.407438,40.004097,朝阳区
258,B000A883ET,福寿斋清真烤鸭店,餐饮服务;中餐厅;清真菜馆,050121,116.584902,40.130617,顺义区
259,B000A84P11,近春园餐厅,餐饮服务;中餐厅;中餐厅,050100,116.317826,40.001837,海淀区
260,B000A84JW0,翰风餐厅(顺义店),餐饮服务;中餐厅;中餐厅,050100,116.536950,40.066974,顺义区
261,B000A8WAJ4,护国寺小吃(北营房店),餐饮服务;中餐厅;中餐厅,050100,116.349222,39.926123,西城区
262,B000A810LY,西安风味面馆(鼓楼大街店),餐饮服务;中餐厅;西北菜,050115,116.393706,39.944199,西城区
263,B000A853KP,卤煮店,餐饮服务;中餐厅;北京菜,050111,116.417544,39.927156,东城区
264,B0FFIA2P77,社会主义好农村食堂,餐饮服务;中餐厅;中餐厅,050100,116.690690,40.390952,怀柔区
265,B0FFF36KN6,北京金辉会议有限公司,餐饮服务;中餐厅;中餐厅,050100,116.160687,40.042183,海淀区
266,B0FFGF8AIY,第六季自助餐厅(北太平庄店),餐饮服务;中餐厅;综合酒楼,050101,116.369637,39.971791,海淀区
267,B000A8VWPV,枫林小馆,餐饮服务;中餐厅;中餐厅,050100,116.064990,39.783739,房山区
268,B000A85MOO,乔家大院食府(建外大街店),餐饮服务;中餐厅;综合酒楼,050101,116.443241,39.905570,朝阳区
269,B000A8VZNZ,老北京包子(霄云路),餐饮服务;中餐厅;北京菜,050111,116.464405,39.958871,朝阳区
270,B000A840YK,田老师红烧肉(翠微路分店),餐饮服务;快餐厅;快餐厅,050300,116.301914,39.912376,海淀区
271,B000ABCNSQ,黑龙江木火铁锅炖大鱼,餐饮服务;中餐厅;东北菜,050113,115.971990,40.448315,延庆区
272,B000AA21AI,田老师红烧肉(石佛营店),餐饮服务;快餐厅;快餐厅,050300,116.501697,39.927484,朝阳区
273,B000A87F5M,潇湘府(上地店),餐饮服务;中餐厅;湖南菜(湘菜),050108,116.301901,40.043847,海淀区
274,B0FFFX16KS,静莲斋(北京西直门店),餐饮服务;中餐厅;中式素菜馆,050120,116.340468,39.948343,海淀区
275,B000A6867D,宇飞牛肉面,餐饮服务;中餐厅;中餐厅,050100,116.455559,39.888682,朝阳区
276,B000A9PT1K,夏日情(总店),餐饮服务;中餐厅;中餐厅,050100,116.564620,39.932932,朝阳区
277,B000A27129,陈记卤煮小肠(美食汇店),餐饮服务;中餐厅;特色/地方风味餐厅,050118,116.395326,39.896874,西城区
278,B0FFFWHAMT,紫竹林素斋,餐饮服务;中餐厅;中式素菜馆,050120,116.389547,40.116600,昌平区
279,B000A85O39,田老师红烧肉(惠新西街店),餐饮服务;快餐厅;快餐厅,050300,116.417109,39.981094,朝阳区
280,B000A7K9FE,福满园(新源南路店),餐饮服务;中餐厅;中餐厅,050100,116.451389,39.947586,朝阳区
281,B000A79C84,老汤卤煮(雍和宫店),餐饮服务;中餐厅;中餐厅,050100,116.416566,39.944307,东城区
282,B000A87AEP,海底捞火锅(石景山店),餐饮服务;中餐厅;火锅店,050117,116.224455,39.905955,石景山区
283,B000A81FPM,簋街龙虾(通乐总店),餐饮服务;中餐厅;海鲜酒楼,050119,116.429059,39.940836,东城区
284,B000A8W4ON,田老师红烧肉(亦庄次渠店),餐饮服务;快餐厅;快餐厅,050300,116.570217,39.803403,通州区
285,B000A879UO,西海子西园,餐饮服务;中餐厅;中餐厅,050100,116.673921,39.887902,通州区
286,B000A87NL3,香木香羊(小汤山店),餐饮服务;中餐厅;中餐厅,050100,116.394466,40.132636,昌平区
287,B000A874MM,那家·盛宴(香山店),餐饮服务;中餐厅;北京菜,050111,116.202984,39.992248,海淀区
288,B0FFG32I3J,Tomacado花厨,餐饮服务;外国餐厅;西餐厅(综合风味),050201,116.460276,39.928289,朝阳区
289,B000A842XV,一喜日本料理(牡丹园店),餐饮服务;外国餐厅;日本料理,050202,116.366003,39.980661,海淀区
290,B000A8W424,田老师红烧肉(北京璟怡轩快餐店),餐饮服务;快餐厅;快餐厅,050300,116.460888,39.890984,朝阳区
291,B000A8ZJ71,京兆尹(雍和宫店),餐饮服务;中餐厅;中式素菜馆,050120,116.416133,39.948256,东城区
292,B000A8W8CL,太熟悉家常菜(方庄店),餐饮服务;中餐厅;北京菜,050111,116.426604,39.870382,丰台区
293,B000A7XP0V,鸿运天外天(万丰路店),餐饮服务;中餐厅;中餐厅,050100,116.295488,39.888700,海淀区
294,B000A8VXI3,SWING58 BAR&BISTRO,体育休闲服务;娱乐场所;酒吧|餐饮服务;中餐厅;中餐厅,080304|050100,116.455557,39.934901,朝阳区
295,B000A87G3Q,北门涮肉(什刹海店),餐饮服务;中餐厅;火锅店,050117,116.398605,39.936475,东城区
296,B000A83IZU,晟永兴烤鸭店(芍药居店),餐饮服务;中餐厅;北京菜,050111,116.433598,39.983290,朝阳区
297,B0FFF9XSVV,胡大饭馆(簋街总店),餐饮服务;中餐厅;四川菜(川菜),050102,116.419516,39.941148,东城区
298,B000A87KCY,东四民芳餐厅(朝内大街店),餐饮服务;中餐厅;中餐厅,050100,116.430698,39.924683,东城区
299,B000A87PWE,巫山烤全鱼家常菜(椿树馆店),餐饮服务;中餐厅;特色/地方风味餐厅,050118,116.346099,39.882913,西城区
300,B000A87KDJ,味西餐厅,餐饮服务;外国餐厅;西餐厅(综合风味),050201,116.352780,39.882221,西城区
301,B000A8540J,食家鸽园,餐饮服务;中餐厅;中餐厅,050100,116.210655,40.239789,昌平区
302,B000AA6XXE,西贝莜面村(六里桥店),餐饮服务;中餐厅;西北菜,050115,116.304348,39.882442,丰台区
303,B000AAC618,小尕子新疆之瘾(北京市百货大楼),餐饮服务;中餐厅;清真菜馆,050121,116.410282,39.913820,东城区
304,B000A8XGTD,成都美食(亦庄店),餐饮服务;中餐厅;四川菜(川菜),050102,116.531946,39.812746,大兴区
305,B000A8UU11,天赐福云南过桥米线(古城小街)(装修中),餐饮服务;中餐厅;特色/地方风味餐厅,050118,116.189199,39.911583,石景山区
306,B000A8VWCY,丽江庭院之柔软时光(鼓楼店),餐饮服务;中餐厅;中餐厅,050100,116.395687,39.945167,东城区
307,B000A7XDT8,鲜入唯煮(金宝街店),餐饮服务;中餐厅;火锅店,050117,116.420419,39.916511,东城区
308,B000A91WNJ,蓝钻国际美食自助百汇(西直门店),餐饮服务;中餐厅;中餐厅,050100,116.350075,39.943650,海淀区
309,B000A7C1YN,懋林居,餐饮服务;中餐厅;中餐厅,050100,116.331465,39.907895,海淀区
310,B000A2D3C0,卷子王华盛园鱼锅,餐饮服务;中餐厅;中餐厅,050100,117.118839,40.133487,平谷区
311,B000A7CEKV,大白鲨美食港(八里庄路),餐饮服务;中餐厅;中餐厅,050100,116.496159,39.916074,朝阳区
312,B0FFHJFOBM,外婆家(恒泰店),餐饮服务;中餐厅;浙江菜,050106,116.304531,39.866237,丰台区
313,B000A84JIY,淮扬村(京徐店),餐饮服务;中餐厅;江苏菜,050105,116.352894,39.885963,西城区
314,B000A88DOF,滇菌王(元大都店),餐饮服务;中餐厅;中餐厅,050100,116.425881,39.976790,朝阳区
315,B000A8W3X1,豪尚豪牛排馆(双井店),餐饮服务;外国餐厅;西餐厅(综合风味),050201,116.460950,39.892782,朝阳区
316,B000A85O5W,新月斋(豆瓣胡同),餐饮服务;中餐厅;清真菜馆,050121,116.432256,39.928181,东城区
317,B000A7BBQ5,羊·坊涮肉,餐饮服务;中餐厅;火锅店,050117,116.398110,39.940698,东城区
318,B000A9I404,凰宫,餐饮服务;中餐厅;广东菜(粤菜),050103,116.414134,39.928195,东城区
319,B000A8U6E7,金紫荆园餐厅,餐饮服务;中餐厅;东北菜,050113,116.330471,39.931361,海淀区
320,B000A4A0A1,鼎泰楼烤鸭店(延庆店),餐饮服务;中餐厅;特色/地方风味餐厅,050118,115.980430,40.469868,延庆区
321,B000A7Q8IT,瑞丰鼎,餐饮服务;中餐厅;湖南菜(湘菜),050108,116.279761,39.868453,丰台区
322,B0FFH9Q9BK,三江三味灶合鱼,餐饮服务;中餐厅;海鲜酒楼,050119,116.567971,40.078860,顺义区
323,B000A9JJYR,老北京冰糖葫芦(东升大厦店),餐饮服务;快餐厅;快餐厅,050300,116.333528,39.993938,海淀区
324,B000A7GXO7,京风汇香饺子馆(惠新店),餐饮服务;中餐厅;特色/地方风味餐厅,050118,116.417083,39.981829,朝阳区
325,B000A88IS9,北京利苑酒家(中环世贸店),餐饮服务;中餐厅;广东菜(粤菜),050103,116.456469,39.907023,朝阳区
326,B0FFHCD8ZN,京门老爆三(方庄店),餐饮服务;中餐厅;火锅店|餐饮服务;中餐厅;清真菜馆,050117|050121,116.445182,39.867159,朝阳区
327,B000A7WBNU,便宜坊烤鸭店(安华店),餐饮服务;中餐厅;老字号,050116,116.388493,39.967694,西城区
328,B000AA1A6N,北门涮肉(南锣鼓巷店),餐饮服务;中餐厅;火锅店,050117,116.405638,39.933299,东城区
329,B000A80O07,北京双井轩海鲜饺子食府(双井店),餐饮服务;中餐厅;特色/地方风味餐厅,050118,116.455463,39.894023,朝阳区
330,B000A87ZU9,毛家湘菜(南口镇店),餐饮服务;中餐厅;湖南菜(湘菜),050108,116.123933,40.234583,昌平区
331,B000A853PO,褡裢火烧(护国寺街),餐饮服务;中餐厅;特色/地方风味餐厅,050118,116.376110,39.935154,西城区
332,B000A8WV3Q,正院珍味鲜海鲜火锅店,餐饮服务;中餐厅;火锅店,050117,116.326493,39.933500,海淀区
333,B000A87O5K,石磨房酒楼,餐饮服务;中餐厅;综合酒楼,050101,116.544362,39.898301,朝阳区
334,B000A88IZA,小吊梨汤(和平里店),餐饮服务;中餐厅;中餐厅,050100,116.425839,39.961820,朝阳区
335,B000A7XSA0,世纪金源大饭店海鲜自助餐厅(远大路店),餐饮服务;外国餐厅;日本料理,050202,116.280685,39.953247,海淀区
336,B000A52390,湖湘情湘菜馆(马连道店),餐饮服务;中餐厅;湖南菜(湘菜),050108,116.331628,39.884730,西城区
337,B000A464D6,新街口烤鸭店,餐饮服务;中餐厅;特色/地方风味餐厅,050118,116.372431,39.946070,西城区
338,B000A8ZKOW,清真兰州老马拉面(安定店),餐饮服务;中餐厅;清真菜馆|餐饮服务;中餐厅;特色/地方风味餐厅,050121|050118,116.492752,39.619703,大兴区
339,B000A84EYY,新穗港龙粤菜馆,餐饮服务;中餐厅;广东菜(粤菜),050103,116.349629,39.842559,丰台区
340,B000A8VNCQ,田老师红烧肉(科实大厦店),餐饮服务;快餐厅;快餐厅,050300,116.311616,40.034926,海淀区
341,B000A85GI2,田老师红烧肉(知春里店),餐饮服务;快餐厅;快餐厅,050300,116.324960,39.977038,海淀区
342,B000A7XE5O,湘芙蓉(顺义怡馨家园店),餐饮服务;中餐厅;湖南菜(湘菜),050108,116.647365,40.117796,顺义区
343,B000AA1DKY,崔记铁锅炖鱼,餐饮服务;中餐厅;海鲜酒楼,050119,117.101618,40.134035,平谷区
344,B000A7TYKS,眉州东坡酒楼(密云店),餐饮服务;中餐厅;四川菜(川菜),050102,116.863666,40.376635,密云区
345,B000A8VZVQ,田老师红烧肉(朝阳广渠家园店),餐饮服务;快餐厅;快餐厅,050300,116.447192,39.892216,东城区
346,B000A87FA7,全聚德烤鸭店(马家堡店),餐饮服务;中餐厅;北京菜,050111,116.378451,39.843858,丰台区
347,B000A7Q6N9,清香阁(东大桥店),餐饮服务;中餐厅;海鲜酒楼,050119,116.454801,39.923682,朝阳区
348,B000A08519,鸿毛酒楼(上地七街店),餐饮服务;中餐厅;综合酒楼,050101,116.304125,40.045588,海淀区
349,B000A85WRW,燕郊烧鸽子(和众店),餐饮服务;中餐厅;东北菜,050113,116.490471,39.883449,朝阳区
350,B000A85WRW,燕郊烧鸽子(和众店),餐饮服务;中餐厅;东北菜,050113,116.490471,39.883449,朝阳区
351,B000A83ZZT,金百万烤鸭店(万柳店),餐饮服务;中餐厅;特色/地方风味餐厅,050118,116.303765,39.965829,海淀区
352,B0FFIJOMUI,四季民福烤鸭店(工体店),餐饮服务;中餐厅;北京菜,050111,116.449217,39.928949,朝阳区
353,B000A805UM,都王烤鸭(鸟巢店),餐饮服务;中餐厅;中餐厅,050100,116.402588,40.002213,朝阳区
354,B000A7OQQY,大红果(平谷店)(装修中),餐饮服务;中餐厅;中餐厅,050100,117.111652,40.153583,平谷区
355,B000A7RVI8,百合素食(草园胡同店),餐饮服务;中餐厅;中式素菜馆,050120,116.424161,39.942644,东城区
356,B000A8XPZ9,福满堂饺子馆(二七厂路),餐饮服务;中餐厅;特色/地方风味餐厅,050118,116.197975,39.832342,丰台区
357,B000A9OMZ3,莫尔顿牛排坊(北京丽晶酒店),餐饮服务;外国餐厅;牛扒店(扒房),050211,116.418969,39.916040,东城区
358,B000A84E1L,天颐隆蘑菇宴火锅店(石景山店),餐饮服务;中餐厅;火锅店,050117,116.233430,39.890543,石景山区
359,B000A80UNX,便宜坊(幸福店),餐饮服务;中餐厅;北京菜,050111,116.431406,39.887114,东城区
360,B000A8ZKGE,运河湾,餐饮服务;中餐厅;中餐厅,050100,116.723596,39.866487,通州区
361,B000A42011,丽城羊腿(古城北路店),餐饮服务;中餐厅;特色/地方风味餐厅,050118,116.190641,39.918078,石景山区
362,B000A7BC6X,煲煲好(朝阳门店),餐饮服务;中餐厅;广东菜(粤菜),050103,116.435184,39.928039,朝阳区
363,B000A9OU3Q,大厨房涮肉(多宝路),餐饮服务;中餐厅;火锅店,050117,116.166200,39.739610,房山区
364,B000A85NPC,北平食府(六里桥店),餐饮服务;中餐厅;北京菜,050111,116.317981,39.884039,丰台区
365,B000A82T8Y,紫光园(常营店),餐饮服务;中餐厅;清真菜馆,050121,116.588007,39.928567,朝阳区
366,B000A7XE1B,香融府,餐饮服务;中餐厅;综合酒楼,050101,116.379336,39.836925,丰台区
367,B000A7R4UY,友乐居羊蝎子,餐饮服务;中餐厅;火锅店,050117,116.353076,39.934635,西城区
368,B000A7VC6Y,工体食尚,餐饮服务;中餐厅;中餐厅,050100,116.444327,39.929922,朝阳区
369,B000A7GVNM,西贝莜面村(香山店),餐饮服务;中餐厅;西北菜,050115,116.208670,39.962090,海淀区
370,B0FFFFOLPN,甲乙丙丁港式茶餐厅(甲乙丙丁南法信店),餐饮服务;快餐厅;茶餐厅,050305,116.608675,40.114436,顺义区
371,B000A7YECE,千禧酒楼(北京市朝阳区体检中心西北),餐饮服务;中餐厅;综合酒楼,050101,116.470533,39.917402,朝阳区
372,B000A08517,聚宝小厨(上地店),餐饮服务;中餐厅;广东菜(粤菜),050103,116.306102,40.046311,海淀区
373,B000A88ADG,聚德华天老西安饭庄(方庄店),餐饮服务;中餐厅;清真菜馆,050121,116.426322,39.865462,丰台区
374,B000A9JHVQ,重庆酸辣粉,餐饮服务;中餐厅;中餐厅,050100,116.408966,40.047490,朝阳区
375,B000A8XDI0,老北京炸酱面(天秀路店),餐饮服务;中餐厅;北京菜,050111,116.279403,40.021189,海淀区
376,B000A7QTAH,湘水芙蓉餐馆(学院西门店),餐饮服务;中餐厅;湖南菜(湘菜),050108,116.661297,40.354265,怀柔区
377,B0FFGZJCJI,鸿云楼(怀柔店),餐饮服务;中餐厅;清真菜馆,050121,116.673475,40.362725,怀柔区
378,B000A7HI4N,福兰德酒楼(龙旺庄店),餐饮服务;中餐厅;综合酒楼,050101,116.686420,39.927469,通州区
379,B000A1E10A,陈亨卤煮小肠(广外分店),餐饮服务;中餐厅;中餐厅,050100,116.332465,39.888139,西城区
380,B000A560F1,王胖子驴肉火烧(手帕口店),餐饮服务;中餐厅;中餐厅,050100,116.342754,39.884750,西城区
381,B000A81JDJ,北京饭店谭家厅,餐饮服务;中餐厅;中餐厅,050100,116.408321,39.908792,东城区
382,B000A87GNT,面总(东四店),餐饮服务;中餐厅;中餐厅,050100,116.418207,39.924928,东城区
383,B000A7BKZO,川办餐厅,餐饮服务;中餐厅;四川菜(川菜),050102,116.431744,39.911757,东城区
384,B0FFIHFNSG,紫光园(昌平店),餐饮服务;中餐厅;清真菜馆,050121,116.256116,40.210702,昌平区
385,B000A88DSE,京盛源特色烤鱼,餐饮服务;中餐厅;特色/地方风味餐厅,050118,116.481852,39.917782,朝阳区
386,B000A87JN7,胶东海味仙(魏公村店),餐饮服务;中餐厅;海鲜酒楼,050119,116.317039,39.955622,海淀区
387,B000A877HN,滇馨园(同济南路店),餐饮服务;中餐厅;清真菜馆,050121,116.537616,39.771475,大兴区
388,B000A7ZLFR,宴宾楼,餐饮服务;中餐厅;中餐厅,050100,116.284661,40.249641,昌平区
389,B000ABBXWY,鑫华饺子馆(牡丹园分店),餐饮服务;中餐厅;特色/地方风味餐厅,050118,116.374922,39.980925,海淀区
390,B000A8X7HK,鑫海名都餐饮KTV(八角游乐园店),体育休闲服务;娱乐场所;KTV|餐饮服务;中餐厅;中餐厅,080302|050100,116.212468,39.904127,石景山区
391,B000A8891V,古道酒家,餐饮服务;中餐厅;综合酒楼,050101,116.055517,39.971946,门头沟区
392,B0FFFFXRV5,海底捞火锅(通州华联店),餐饮服务;中餐厅;火锅店,050117,116.635982,39.904003,通州区
393,B000A7QEGA,正兴蜀园(科技园区店),餐饮服务;中餐厅;四川菜(川菜),050102,116.244991,40.207973,昌平区
394,B000A8XP7A,新疆风味兰州拉面(玉江佳园店),餐饮服务;中餐厅;清真菜馆,050121,116.582194,39.802642,通州区
395,B000A8VWVM,锦鲤,餐饮服务;中餐厅;中餐厅,050100,116.345061,39.919358,西城区
396,B000A7QK0I,天天渔港海鲜自助火锅,餐饮服务;中餐厅;海鲜酒楼|餐饮服务;中餐厅;火锅店,050119|050117,116.438335,39.853814,丰台区
397,B000A84YPE,宝源饺子屋,餐饮服务;中餐厅;特色/地方风味餐厅,050118,116.468750,39.945435,朝阳区
398,B000A7CL00,眉州东坡酒楼(中日店),餐饮服务;中餐厅;四川菜(川菜),050102,116.425349,39.972589,朝阳区
399,B000A9ETHX,通州区周家鱼窝棚,餐饮服务;中餐厅;东北菜,050113,116.671640,39.875446,通州区
400,B000A9ETHX,通州区周家鱼窝棚,餐饮服务;中餐厅;东北菜,050113,116.671640,39.875446,通州区
401,B000A4CA46,力力豆花庄(广渠门店),餐饮服务;中餐厅;综合酒楼,050101,116.447426,39.893989,东城区
402,B000A7P9ES,好来川(总部基地七区店),餐饮服务;中餐厅;四川菜(川菜),050102,116.283311,39.823662,丰台区
403,B000A83YBP,老巷子菜馆(东交民巷),餐饮服务;中餐厅;中餐厅,050100,116.407764,39.902749,东城区
404,B000A7O1CY,艺海贵宾楼(牡丹园店),餐饮服务;中餐厅;综合酒楼,050101,116.369178,39.977183,海淀区
405,B000A85NKW,巫山烤全鱼(东大桥店),餐饮服务;中餐厅;特色/地方风味餐厅,050118,116.449427,39.923984,朝阳区
406,B000A7O31C,唐廊·餐厅(工体店),餐饮服务;中餐厅;中餐厅,050100,116.446575,39.928283,朝阳区
407,B000A856HW,金地雷亚餐厅,餐饮服务;中餐厅;中餐厅,050100,116.496180,39.794256,大兴区
408,B000A0F0BB,齐天楼(鼓楼店),餐饮服务;中餐厅;特色/地方风味餐厅,050118,116.406944,39.940746,东城区
409,B000A8VXA7,阳坊涮肉(北大地店),餐饮服务;中餐厅;火锅店,050117,116.292191,39.855404,丰台区
410,B0FFFQ0AIY,护国寺小吃,餐饮服务;快餐厅;快餐厅,050300,116.338997,39.941854,西城区
411,B000ABCD21,中发源,餐饮服务;中餐厅;清真菜馆,050121,116.473009,39.912105,朝阳区
412,B000A7YEHF,青年餐厅(东铁营店),餐饮服务;中餐厅;中餐厅,050100,116.433191,39.849137,丰台区
413,B000A7GWEI,无名居(燕莎店),餐饮服务;中餐厅;中餐厅,050100,116.468912,39.947662,朝阳区
414,B000A7OJXW,北平楼(牡丹园店),餐饮服务;中餐厅;北京菜,050111,116.370265,39.979431,海淀区
415,B000A7Z9W1,肯德基(马家堡店),餐饮服务;快餐厅;肯德基,050301,116.370622,39.846440,丰台区
416,B000A7CS1C,吉野家(望京店),餐饮服务;快餐厅;吉野家,050309,116.469038,39.985573,朝阳区
417,B000A8VP5E,老北京食府(大屯路店),餐饮服务;中餐厅;北京菜,050111,116.404327,40.001963,朝阳区
418,B000A7CPIM,翠满楼饭庄(云岗店),餐饮服务;中餐厅;中餐厅,050100,116.157007,39.809567,丰台区
419,B000A32E3E,德泓居(林萃店),餐饮服务;中餐厅;中餐厅,050100,116.371166,40.012394,朝阳区
420,B000A80DYE,净心莲(长虹桥店),餐饮服务;中餐厅;中式素菜馆,050120,116.463931,39.935024,朝阳区
421,B000A879VU,鑫百万(大兴店),餐饮服务;中餐厅;中餐厅,050100,116.336626,39.723309,大兴区
422,B000A85TNY,洞庭湘菜(张凤路店),餐饮服务;中餐厅;湖南菜(湘菜),050108,116.721719,39.851214,通州区
423,B000A52286,新乡杨记红焖羊肉,餐饮服务;中餐厅;中餐厅,050100,116.409049,39.871721,东城区
424,B000A2A750,大上海餐厅(裕龙大酒店东北),餐饮服务;中餐厅;上海菜,050107,116.298559,39.923176,海淀区
425,B000A84F06,庆丰包子铺(西便门店),餐饮服务;快餐厅;快餐厅,050300,116.353031,39.899181,西城区
426,B000A0476D,通达火锅城,餐饮服务;中餐厅;火锅店,050117,116.858168,40.395355,密云区
427,B000A87APK,大理米线(亦庄店),餐饮服务;中餐厅;云贵菜,050114,116.499058,39.791025,大兴区
428,B000A8WCVW,湘水滨湖南乡土菜(马驹桥店),餐饮服务;中餐厅;湖南菜(湘菜),050108,116.544000,39.757124,通州区
429,B000A8W4AY,朝鲜饭店,餐饮服务;中餐厅;特色/地方风味餐厅,050118,116.137303,39.722990,房山区
430,B000A7XV6J,阳坊胜利涮羊肉(上庄店),餐饮服务;中餐厅;火锅店,050117,116.215509,40.098333,海淀区
431,B000A8758C,人民大会堂宴会厅,餐饮服务;中餐厅;综合酒楼,050101,116.393711,39.904989,西城区
432,B000A87B2J,眉州东坡酒楼(通州店),餐饮服务;中餐厅;四川菜(川菜),050102,116.664990,39.906493,通州区
433,B000A8VQYO,沙县小吃(北七家店)(装修中),餐饮服务;中餐厅;特色/地方风味餐厅,050118,116.410836,40.073242,昌平区
434,B000A7IN0T,顺一府饺子馆(北京apm),餐饮服务;中餐厅;特色/地方风味餐厅,050118,116.411646,39.913720,东城区
435,B000A8820W,禾田饭庄,餐饮服务;中餐厅;中餐厅,050100,116.399645,39.631040,大兴区
436,B000A84XE5,甜鸭梨烤鸭店(农大店),餐饮服务;中餐厅;中餐厅,050100,116.279263,40.024270,海淀区
437,B000A80NEP,张记一枝花羊汤(广内大街店),餐饮服务;中餐厅;中餐厅,050100,116.371441,39.888276,西城区
438,B0FFGXMEZ2,三色莲花印度餐厅(光华路SOHO一期),餐饮服务;外国餐厅;印度风味,050209,116.452793,39.913135,朝阳区
439,B000A9DPEF,京味斋烤鸭店(新源街店),餐饮服务;中餐厅;北京菜,050111,116.454099,39.951948,朝阳区
440,B000A87QQ6,吉野家(太平桥西里店),餐饮服务;快餐厅;吉野家,050309,116.312860,39.885395,丰台区
441,B000A87CKP,田老师红烧肉(回龙园店),餐饮服务;快餐厅;快餐厅,050300,116.326722,40.081958,昌平区
442,B000A835A4,宏状元(万柳店),餐饮服务;中餐厅;中餐厅,050100,116.297640,39.964350,海淀区
443,B000A7ZCEH,嘉和一品粥(翠微店),餐饮服务;中餐厅;特色/地方风味餐厅,050118,116.302969,39.913315,海淀区
444,B000A15025,基辅罗斯餐厅(翠微店),餐饮服务;外国餐厅;俄国菜,050212,116.305572,39.912426,海淀区
445,B0FFHUTU0X,泰合鲜(奥运村店),餐饮服务;中餐厅;山东菜(鲁菜),050104,116.411538,40.026535,朝阳区
446,B000A8819L,毛家湘菜(昌平镇店),餐饮服务;中餐厅;湖南菜(湘菜),050108,116.250696,40.223434,昌平区
447,B000A877RM,老北平食府(天通苑总店),餐饮服务;中餐厅;中餐厅,050100,116.416392,40.065218,昌平区
448,B000A7PT9V,老北京爆肚(七星园),餐饮服务;中餐厅;中餐厅,050100,116.215318,39.898196,石景山区
449,B000A66E48,江苏大厦淮扬餐厅,餐饮服务;中餐厅;江苏菜,050105,116.410038,39.957255,东城区
450,B000A84ENH,大成食府(大成路九号酒店),餐饮服务;中餐厅;中餐厅,050100,116.268895,39.890119,丰台区
451,B000A7ZRQ8,利群烤鸭店(前门店),餐饮服务;中餐厅;特色/地方风味餐厅,050118,116.406201,39.898419,东城区
452,B000A7QVIX,新疆风味餐厅(鼓楼东大街),餐饮服务;中餐厅;清真菜馆,050121,116.402804,39.940728,东城区
453,B000A80AB4,比格比萨(花园路店),餐饮服务;快餐厅;快餐厅,050300,116.354810,39.981763,海淀区
454,B000A87A5S,芦月轩羊蝎子(通州店),餐饮服务;中餐厅;火锅店,050117,116.662605,39.905641,通州区
455,B000A87EDL,眉州东坡酒楼(石景山店),餐饮服务;中餐厅;四川菜(川菜),050102,116.218916,39.906847,石景山区
456,B000A87F70,厉家菜(北京金宝街店),餐饮服务;中餐厅;北京菜,050111,116.418119,39.914520,东城区
457,B000A7GXL3,和芳苑(阜成门店),餐饮服务;中餐厅;广东菜(粤菜),050103,116.366311,39.923733,西城区
458,B000A9DGA3,鱼馆,餐饮服务;中餐厅;中餐厅,050100,116.440856,40.241984,昌平区
459,B000A8ZHF7,巫山烤全鱼(东四十条店),餐饮服务;中餐厅;特色/地方风味餐厅,050118,116.425700,39.931058,东城区
460,B000A87CVY,阳坊大都涮羊肉(西二旗店),餐饮服务;中餐厅;火锅店,050117,116.313481,40.050358,海淀区
461,B000A85JYS,西贝莜面村(三元桥店),餐饮服务;中餐厅;西北菜,050115,116.457008,39.958457,朝阳区
462,B000A7BUM6,紫光园(东大桥店),餐饮服务;中餐厅;清真菜馆,050121,116.450665,39.921749,朝阳区
463,B000A7LPIM,申德勒码头餐厅(三里店),餐饮服务;外国餐厅;德国菜,050214,116.452641,39.944785,朝阳区
464,B000A7FMZT,唐宫海鲜舫(西藏大厦店),餐饮服务;中餐厅;海鲜酒楼,050119,116.413920,39.987875,朝阳区
465,B000A7QRWI,西域村庄(中关村南一街店),餐饮服务;中餐厅;西北菜,050115,116.320022,39.984859,海淀区
466,B000A7QVI1,西域巴达木食府(丰葆路),餐饮服务;中餐厅;清真菜馆,050121,116.289863,39.818748,丰台区
467,B000A7ZUV3,北京小肠陈饭庄(方庄店),餐饮服务;中餐厅;中餐厅,050100,116.427546,39.860861,丰台区
468,B000A85H5H,渝湘园家常菜(朝阳门南小街店),餐饮服务;中餐厅;中餐厅,050100,116.426208,39.921443,东城区
469,B000A6BB3F,嘉丰湘菜馆(芳群园店),餐饮服务;中餐厅;湖南菜(湘菜),050108,116.427082,39.862569,丰台区
470,B000A83Z8V,桂林米粉(安贞桥店),餐饮服务;中餐厅;中餐厅,050100,116.399071,39.969372,朝阳区
471,B000A7BJ43,阿兰菜馆(天坛店),餐饮服务;中餐厅;清真菜馆,050121,116.420490,39.873473,东城区
472,B000A8WEBH,猜火车,餐饮服务;中餐厅;云贵菜,050114,116.411901,39.943706,东城区
473,B000A83BPC,东来顺(华龙街店),餐饮服务;中餐厅;火锅店,050117,116.407111,39.911864,东城区
474,B000A7PYVP,眉州东坡酒楼(怀柔店),餐饮服务;中餐厅;四川菜(川菜),050102,116.638045,40.327945,怀柔区
475,B000A8620N,鲟香来绿色生态园(怀柔店),餐饮服务;中餐厅;中餐厅,050100,116.647639,40.340948,怀柔区
476,B000A85IXW,老井餐厅,餐饮服务;外国餐厅;俄国菜,050212,116.427499,39.942700,东城区
477,B000A8XT56,田老师红烧肉(马坡店),餐饮服务;快餐厅;快餐厅,050300,116.652091,40.175066,顺义区
478,B000A87JDG,全聚德烤鸭店(和平门店),餐饮服务;中餐厅;老字号|餐饮服务;中餐厅;北京菜,050116|050111,116.385072,39.899292,西城区
479,B000A49B00,箩箩贵州酸汤鱼(方庄店),餐饮服务;中餐厅;云贵菜,050114,116.436928,39.866259,丰台区
480,B000A81BNF,嘉和一品粥(青年路店),餐饮服务;中餐厅;中餐厅,050100,116.521145,39.924210,朝阳区
481,B000A87FYY,川渝府(角门南路),餐饮服务;中餐厅;四川菜(川菜),050102,116.380295,39.840023,丰台区
482,B000A7X0QG,摸错门牛肚火锅(大成路店),餐饮服务;中餐厅;火锅店,050117,116.257639,39.889761,丰台区
483,B000A849WD,明熙中餐厅,餐饮服务;中餐厅;中餐厅,050100,116.516189,39.786692,大兴区
484,B000A842YX,重庆饭店火锅厅,餐饮服务;中餐厅;火锅店,050117,116.435805,39.963380,朝阳区
485,B000A7RGLF,辣里湘情湖南土菜,餐饮服务;中餐厅;湖南菜(湘菜),050108,116.662353,39.902586,通州区
486,B000A8X495,田老师红烧肉(新中街店),餐饮服务;快餐厅;快餐厅,050300,116.850742,40.373820,密云区
487,B000A85GE8,东来顺(金泉广场店),餐饮服务;中餐厅;火锅店|餐饮服务;中餐厅;清真菜馆,050117|050121,116.412301,40.006102,朝阳区
488,B000A7BRWG,北京窑台四季烤肉,餐饮服务;中餐厅;火锅店|餐饮服务;中餐厅;特色/地方风味餐厅,050117|050118,116.378179,39.878524,西城区
489,B000A80F39,WISH梧桐(酒仙桥店),餐饮服务;中餐厅;中餐厅,050100,116.480608,39.973524,朝阳区
490,B000A87H1T,涮吧·涮吧火锅,餐饮服务;中餐厅;火锅店,050117,116.426138,39.920427,东城区
491,B000A7DDTM,天蜀豆花庄(车站西街店),餐饮服务;中餐厅;中餐厅,050100,116.338503,39.878215,西城区
492,B000A8ZHRY,南京大牌档,餐饮服务;中餐厅;中餐厅,050100,116.449687,39.935285,朝阳区
493,B000A7BOUB,香满楼(新源店),餐饮服务;中餐厅;北京菜,050111,116.446457,39.946734,朝阳区
494,B000A67FB7,聚宝源涮肉(牛街西里店),餐饮服务;中餐厅;清真菜馆,050121,116.363301,39.886847,西城区
495,B000A80GFN,一家面馆(酒仙桥中路店),餐饮服务;中餐厅;中餐厅,050100,116.494452,39.976677,朝阳区
496,B000A83WY3,天瑞烤鸭店(西马各庄路),餐饮服务;中餐厅;特色/地方风味餐厅,050118,116.653934,39.750849,通州区
497,B000A7X78E,西域塔塔幂饭店(龙河路),餐饮服务;中餐厅;清真菜馆,050121,116.343145,39.738474,大兴区
498,B000A084CB,天山美食城(迎风南路),餐饮服务;中餐厅;中餐厅,050100,115.955768,39.722342,房山区
499,B0FFGXKOML,归一酒馆(小菊儿胡同),餐饮服务;中餐厅;中餐厅|餐饮服务;休闲餐饮场所;休闲餐饮场所,050100|050400,116.404118,39.940171,东城区
500,B000A810LZ,西安老杨家(西四店),餐饮服务;中餐厅;清真菜馆,050121,116.373384,39.929334,西城区
501,B000A8YE0N,北平食府(陶然亭店),餐饮服务;中餐厅;北京菜,050111,116.377319,39.878583,西城区
502,B000A884MI,家厨(马坡店),餐饮服务;中餐厅;中餐厅,050100,116.652005,40.173502,顺义区
503,B000A888OS,火鸡老店,餐饮服务;中餐厅;中餐厅,050100,116.388045,40.131951,昌平区
504,B000A1CE1F,都一处,餐饮服务;中餐厅;老字号|餐饮服务;中餐厅;综合酒楼|商务住宅;商务住宅相关;商务住宅相关,050116|050101|120000,116.436402,39.866294,丰台区
505,B000A7Q6WS,庆丰包子铺(木樨地店),餐饮服务;中餐厅;中餐厅,050100,116.339682,39.906508,西城区
506,B000A85KZL,南门涮肉(朝阳路店),餐饮服务;中餐厅;火锅店,050117,116.534274,39.916042,朝阳区
507,B000A9O7BD,北京烤鸭(西单店),餐饮服务;中餐厅;特色/地方风味餐厅,050118,116.376816,39.910675,西城区
508,B000A85ZIL,老诚一锅(长辛店店),餐饮服务;中餐厅;火锅店,050117,116.209348,39.821447,丰台区
509,B000A87FHJ,妫水人家(暂停营业),餐饮服务;中餐厅;中餐厅,050100,116.414211,40.032234,朝阳区
510,B000A7P061,赣人之家,餐饮服务;中餐厅;综合酒楼,050101,116.375846,39.970367,海淀区
511,B0FFF5QPFA,外婆家(蓝色港湾国际商区),餐饮服务;中餐厅;浙江菜,050106,116.474870,39.949323,朝阳区
512,B0FFGT0O99,小牛海记潮汕牛肉店(牡丹园店),餐饮服务;中餐厅;潮州菜,050123,116.369303,39.979070,海淀区
513,B000A7RYT6,海底捞火锅(西单店)(装修中),餐饮服务;中餐厅;火锅店,050117,116.373211,39.913882,西城区
514,B0FFF9R86K,肯德基(雍和宫店),餐饮服务;快餐厅;肯德基,050301,116.416340,39.948753,东城区
515,B000A8W9R8,麦当劳(旧鼓楼大街店),餐饮服务;快餐厅;麦当劳,050302,116.393833,39.945666,西城区
516,B000A87L90,麦当劳(建国门店),餐饮服务;快餐厅;麦当劳,050302,116.439000,39.907938,朝阳区
517,B000A87D8N,便宜坊烤鸭店(富丰路店),餐饮服务;中餐厅;老字号,050116,116.285876,39.835285,丰台区
518,B000A87EYE,巫山烤全鱼(东四店),餐饮服务;中餐厅;特色/地方风味餐厅,050118,116.417552,39.927774,东城区
519,B000A82T3A,望京一号,餐饮服务;中餐厅;四川菜(川菜),050102,116.499955,40.002958,朝阳区
520,B000A7BZPH,安妮意大利餐厅(丽都店),餐饮服务;外国餐厅;意式菜品餐厅,050205,116.484891,39.975935,朝阳区
521,B000A8US7L,巫山烤全鱼(上地西路店),餐饮服务;中餐厅;特色/地方风味餐厅,050118,116.302856,40.042208,海淀区
522,B000A84F5H,浦苑(淮扬餐厅),餐饮服务;中餐厅;上海菜,050107,116.368599,39.889664,西城区
523,B0FFGN0HCL,聚时光轰趴馆(世贸天阶店),餐饮服务;中餐厅;中餐厅|体育休闲服务;休闲场所;休闲场所,050100|080500,116.452763,39.919057,朝阳区
524,B000A810E8,王品台塑牛排(西单店),餐饮服务;外国餐厅;牛扒店(扒房),050211,116.370625,39.909967,西城区
525,B000A9O5F1,麻辣香锅(通胡店),餐饮服务;中餐厅;中餐厅,050100,116.685998,39.913001,通州区
526,B000A7O2XS,秦唐食府(公主坟店),餐饮服务;中餐厅;中餐厅,050100,116.311591,39.909391,海淀区
527,B0FFGE1LUI,正月十五东北农家院(宋家庄店),餐饮服务;中餐厅;东北菜,050113,116.434832,39.846076,丰台区
528,B000A7IY58,婚恋之梦,餐饮服务;中餐厅;综合酒楼,050101,116.546940,40.018428,朝阳区
529,B000A7ZNOD,比格比萨(西外餐厅),餐饮服务;快餐厅;快餐厅,050300,116.341687,39.938926,西城区
530,B000A877CG,田老师红烧肉(杨庄东街店),餐饮服务;快餐厅;快餐厅,050300,116.198648,39.917473,石景山区
531,B000A80UNW,便宜坊(健翔桥店),餐饮服务;中餐厅;老字号,050116,116.380745,39.994000,朝阳区
532,B000A84BYD,滇越乘象云南餐厅(新街口店),餐饮服务;中餐厅;云贵菜,050114,116.372733,39.935469,西城区
533,B000A8VUXW,七叶香山德式花园餐厅,餐饮服务;外国餐厅;西餐厅(综合风味),050201,116.238012,39.982700,海淀区
534,B000A8UM5Z,海底捞火锅(方庄店)(装修中),餐饮服务;中餐厅;火锅店,050117,116.427692,39.865537,丰台区
535,B000A7QF6W,水上渔家海鲜酒楼,餐饮服务;中餐厅;海鲜酒楼,050119,117.118661,40.151086,平谷区
536,B0FFH99DY6,禾记港式茶餐厅,餐饮服务;快餐厅;茶餐厅,050305,116.558365,40.063991,顺义区
537,B000A8Z1M3,日进(三里屯店),餐饮服务;中餐厅;中餐厅,050100,116.453289,39.932246,朝阳区
538,B000A88DQW,燕春饭店(金果林家园西南),餐饮服务;中餐厅;中餐厅,050100,116.018262,39.594609,房山区
539,B000A7R5JO,新桥炸鸡店(新桥大街店),餐饮服务;快餐厅;快餐厅,050300,116.103638,39.937926,门头沟区
540,B000A7BLPO,晋阳饭庄(白广路店),餐饮服务;中餐厅;综合酒楼,050101,116.359092,39.883499,西城区
541,B000A84GYN,成都美食(鼓楼北街),餐饮服务;中餐厅;四川菜(川菜),050102,116.233527,40.226807,昌平区
542,B000A8XP1B,香河肉饼(艺威红木大厦西),餐饮服务;中餐厅;中餐厅,050100,116.624417,40.140317,顺义区
543,B000A87XN4,田老师红烧肉(迎宾路店),餐饮服务;快餐厅;快餐厅,050300,116.637451,40.313546,怀柔区
544,B000A7RWX7,大鸭梨烤鸭(右安门店),餐饮服务;中餐厅;特色/地方风味餐厅,050118,116.369453,39.866727,丰台区
545,B000A80VTB,富丽客巴西烤肉自助(富顿店),餐饮服务;中餐厅;特色/地方风味餐厅,050118,116.462160,39.885436,朝阳区
546,B000A7Z7XS,兰州马氏牛肉拉面(椿树街道),餐饮服务;中餐厅;特色/地方风味餐厅,050118,116.375874,39.898887,西城区
547,B000A5582E,重庆火锅(鼓楼东大街),餐饮服务;中餐厅;四川菜(川菜)|餐饮服务;中餐厅;火锅店,050102|050117,116.402839,39.941003,东城区
548,B000A7WCPZ,胡同儿老北京涮肉,餐饮服务;中餐厅;火锅店,050117,116.490670,39.959481,朝阳区
549,B000A8XDER,田老师红烧肉(传媒大学店),餐饮服务;快餐厅;快餐厅,050300,116.551540,39.909652,朝阳区
550,B000A7WCPZ,胡同儿老北京涮肉,餐饮服务;中餐厅;火锅店,050117,116.490670,39.959481,朝阳区
551,B000A8XDER,田老师红烧肉(传媒大学店),餐饮服务;快餐厅;快餐厅,050300,116.551540,39.909652,朝阳区
552,B000A8VNC5,羲和雅苑烤鸭坊(都汇天地店),餐饮服务;中餐厅;特色/地方风味餐厅,050118,116.460057,39.949521,朝阳区
553,B000A7WPQA,韩景台烧烤城(古城店),餐饮服务;外国餐厅;韩国料理,050203,116.190818,39.917689,石景山区
554,B000A8W5Q5,全聚德烤鸭店(西三旗店),餐饮服务;中餐厅;北京菜,050111,116.356455,40.066598,昌平区
555,B000A85GSM,和顺小镇(万柳店),餐饮服务;中餐厅;云贵菜,050114,116.302475,39.962839,海淀区
556,B000A84Y6Y,砂锅居(西四店),餐饮服务;中餐厅;北京菜,050111,116.373794,39.920389,西城区
557,B000A7FZYD,川府酒家(亚运村总店),餐饮服务;中餐厅;四川菜(川菜),050102,116.416245,39.995487,朝阳区
558,B000A87EW0,粤江上品,餐饮服务;中餐厅;海鲜酒楼,050119,116.365889,39.969683,海淀区
559,B000A80I0Q,鹏宏天外天烤鸭店(北河沿店),餐饮服务;中餐厅;特色/地方风味餐厅,050118,116.406208,39.919728,东城区
560,B000A0E176,丰和轩(西四环南路辅路),餐饮服务;中餐厅;清真菜馆,050121,116.284003,39.849566,丰台区
561,B000A8W51Q,兰州老马拉面(物资学院路),餐饮服务;中餐厅;清真菜馆,050121,116.639256,39.924213,通州区
562,B000A83TNB,黑土·印象,餐饮服务;中餐厅;东北菜|餐饮服务;中餐厅;综合酒楼,050113|050101,116.411787,39.994831,朝阳区
563,B000A83CQN,日本桥怀石料理(东长安街店),餐饮服务;外国餐厅;日本料理,050202,116.409096,39.907344,东城区
564,B000A811QW,悦宾饭馆(翠花胡同店),餐饮服务;中餐厅;中餐厅,050100,116.407627,39.923862,东城区
565,B000A805QI,湘西土菜(亚运村店),餐饮服务;中餐厅;湖南菜(湘菜),050108,116.402885,39.991497,朝阳区
566,B000A7WDXB,大厨房火锅(南大街店),餐饮服务;中餐厅;火锅店,050117,116.233814,40.221648,昌平区
567,B000A88ECO,太熟悉家常菜(新源里店),餐饮服务;中餐厅;北京菜,050111,116.455640,39.953054,朝阳区
568,B000A84M0J,湘水之珠(万寿路店),餐饮服务;中餐厅;湖南菜(湘菜),050108,116.295337,39.915651,海淀区
569,B000A83K0Y,鑫巴蜀(回龙观店),餐饮服务;中餐厅;四川菜(川菜),050102,116.321036,40.075001,昌平区
570,B000A20517,天津百饺园(方庄店),餐饮服务;中餐厅;特色/地方风味餐厅,050118,116.430223,39.858976,丰台区
571,B000A8ZNTM,云南云海肴(欧美汇店),餐饮服务;中餐厅;云贵菜,050114,116.313515,39.979709,海淀区
572,B000A7GXTJ,盛百味(回龙观店),餐饮服务;中餐厅;特色/地方风味餐厅,050118,116.321301,40.082155,昌平区
573,B000A87YZO,北京知青食堂,餐饮服务;中餐厅;中餐厅,050100,116.462724,40.684142,延庆区
574,B0FFGIRYHI,潮味(八角店),餐饮服务;中餐厅;广东菜(粤菜),050103,116.205348,39.917685,石景山区
575,B000A85KN6,嘉和一品粥(右安门店),餐饮服务;中餐厅;特色/地方风味餐厅,050118,116.364962,39.860713,丰台区
576,B000A7Q6WI,庆丰包子铺(民南店),餐饮服务;中餐厅;中餐厅,050100,116.368384,39.900881,西城区
577,B0FFG07KOG,梧桐小馆,餐饮服务;中餐厅;特色/地方风味餐厅,050118,116.144030,39.898724,门头沟区
578,B000A8Y90C,成都美食(西周路),餐饮服务;中餐厅;四川菜(川菜),050102,116.558642,39.726221,通州区
579,B000A9IR63,李家大院食府(张仪村路),餐饮服务;中餐厅;中餐厅,050100,116.232384,39.872681,丰台区
580,B000A7X1H2,胖子卤煮,餐饮服务;中餐厅;中餐厅,050100,116.358004,39.927350,西城区
581,B000A8VXEN,觅唐(奥运村店),餐饮服务;中餐厅;广东菜(粤菜),050103,116.387851,39.999339,朝阳区
582,B000A7XRS4,红色江山,餐饮服务;中餐厅;中餐厅,050100,116.357144,39.945611,海淀区
583,B0FFHFAQ7Z,日昌餐馆(德胜门店),餐饮服务;快餐厅;茶餐厅,050305,116.381455,39.951571,西城区
584,B000A8XDIT,雪中鲜渔村(天通苑店),餐饮服务;中餐厅;中餐厅,050100,116.412003,40.098116,昌平区
585,B000A85SE1,大鸭梨烤鸭(北七家店),餐饮服务;中餐厅;特色/地方风味餐厅,050118,116.412419,40.117564,昌平区
586,B000A84HAY,万家灯火饺子城(顺义怡馨家园店),餐饮服务;中餐厅;特色/地方风味餐厅,050118,116.647638,40.117784,顺义区
587,B000A7S08E,吉野家(天宝园店),餐饮服务;快餐厅;吉野家,050309,116.499247,39.791173,大兴区
588,B000A85MFC,麦当劳(芳菲路店),餐饮服务;快餐厅;麦当劳,050302,116.320520,39.847537,丰台区
589,B000A84D0O,红蕃茄楚珍舫(鸟巢店),餐饮服务;中餐厅;中餐厅,050100,116.400417,39.992771,朝阳区
590,B000A8WA1E,肯德基(天桥商场店),餐饮服务;快餐厅;肯德基,050301,116.398283,39.880617,西城区
591,B000A84ML9,嘉和一品粥(金源店),餐饮服务;中餐厅;特色/地方风味餐厅,050118,116.287335,39.960495,海淀区
592,B000A87FI7,阿婆春饼(西坝河东里店),餐饮服务;中餐厅;中餐厅,050100,116.446992,39.967542,朝阳区
593,B000A7P8FV,海碗居(松榆里店),餐饮服务;中餐厅;北京菜,050111,116.475078,39.871076,朝阳区
594,B0FFFXNUHZ,越来越湘(房山星城店),餐饮服务;中餐厅;湖南菜(湘菜),050108,116.062230,39.710690,房山区
595,B0FFFAEL3Q,海底捞火锅(顺义华联店),餐饮服务;中餐厅;火锅店,050117,116.652138,40.127728,顺义区
596,B000AAASEM,北京宴(总店),餐饮服务;中餐厅;综合酒楼,050101,116.285522,39.889956,丰台区
597,B000A9PFXR,精品沙县,餐饮服务;中餐厅;特色/地方风味餐厅,050118,116.431417,39.905292,东城区
598,B000A8VODS,便宜坊(金泉广场店),餐饮服务;中餐厅;老字号,050116,116.413380,40.006247,朝阳区
599,B000A8U7IW,不老溪贵州菜(广安门店),餐饮服务;中餐厅;云贵菜,050114,116.339856,39.890235,西城区
600,B000A87PMZ,荣誉海鲜酒楼(鸿坤店),餐饮服务;中餐厅;海鲜酒楼,050119,116.325177,39.890567,丰台区
601,B000A88IPD,祈福烤鸭店,餐饮服务;中餐厅;特色/地方风味餐厅,050118,116.249822,40.200163,昌平区
602,B000A808SV,麻辣香锅(工美大厦王府井店),餐饮服务;中餐厅;特色/地方风味餐厅,050118,116.412094,39.910875,东城区
603,B000A7XRH1,海底捞火锅(红庙店),餐饮服务;中餐厅;火锅店,050117,116.482435,39.916034,朝阳区
604,B000A81K4S,新新湘菜馆(新中街),餐饮服务;中餐厅;湖南菜(湘菜),050108,116.440014,39.934505,东城区
605,B000A838EN,小草屋餐厅(望京店),餐饮服务;外国餐厅;韩国料理,050203,116.469956,39.982364,朝阳区
606,B000A8X6K9,庆丰包子铺(白石桥店),餐饮服务;中餐厅;特色/地方风味餐厅,050118,116.331407,39.938667,西城区
607,B000A8867R,老马拉面(太师屯镇人民政府东),餐饮服务;中餐厅;清真菜馆,050121,117.130799,40.537524,密云区
608,B000A7RFKP,铸钟褡裢火烧(鼓楼店),餐饮服务;中餐厅;综合酒楼,050101,116.391842,39.941672,西城区
609,B000A856MH,一屋一食,餐饮服务;中餐厅;中餐厅,050100,116.475923,39.800317,大兴区
610,B000A8W5C9,西北穆斯林餐厅(劲松东街),餐饮服务;中餐厅;清真菜馆,050121,116.458907,39.885393,朝阳区
611,B000A82TLC,老北京风味(长辛店),餐饮服务;中餐厅;中餐厅,050100,116.208094,39.828050,丰台区
612,B000A8W4WO,欢乐牧场自助火锅(牡丹园店)(装修中),餐饮服务;中餐厅;火锅店|餐饮服务;中餐厅;特色/地方风味餐厅,050117|050118,116.370397,39.977378,海淀区
613,B000A8XFEV,锦绣餐厅(羊坊店东路),餐饮服务;中餐厅;中餐厅,050100,116.322996,39.897761,海淀区
614,B000A4A4F7,翠清酒家(翠微路店),餐饮服务;中餐厅;湖南菜(湘菜),050108,116.301862,39.915051,海淀区
615,B000A85I0X,老北京涮肉(鼓楼店),餐饮服务;中餐厅;特色/地方风味餐厅,050118,116.394154,39.942652,西城区
616,B000A7XPPO,爆肚冯(菜市口店),餐饮服务;中餐厅;清真菜馆,050121,116.371423,39.888132,西城区
617,B000A7S83Y,渔来旺(望园东里店),餐饮服务;中餐厅;火锅店,050117,116.289912,39.867298,丰台区
618,B000A85Q6B,呷哺呷哺(百荣店),餐饮服务;快餐厅;呷哺呷哺,050311,116.396882,39.859847,东城区
619,B000A85L5W,都一处(永定门店),餐饮服务;中餐厅;老字号,050116,116.409010,39.873222,东城区
620,B000A7C7JD,郭林家常(西直门店),餐饮服务;中餐厅;中餐厅,050100,116.346231,39.939322,西城区
621,B000A8UI0F,兰州牛肉拉面(东华门大街),餐饮服务;中餐厅;清真菜馆,050121,116.404264,39.915356,东城区
622,B000A639F4,口福居(霄云路店),餐饮服务;中餐厅;火锅店,050117,116.462491,39.957822,朝阳区
623,B0FFFHCYM6,两湖轩(北辰东路),餐饮服务;中餐厅;湖北菜(鄂菜),050112,116.401373,39.995564,朝阳区
624,B000A8VS7C,龙泉居(西二旗店)(装修中),餐饮服务;中餐厅;火锅店,050117,116.313376,40.050478,海淀区
625,B000A85LMV,长湘居(亚运村店),餐饮服务;中餐厅;湖南菜(湘菜),050108,116.402895,39.991888,朝阳区
626,B000A80GWN,丽宫(东中街),餐饮服务;中餐厅;中餐厅,050100,116.435609,39.934645,东城区
627,B000A7ORVU,大有春饼(金泰店),餐饮服务;中餐厅;中餐厅,050100,116.506049,39.809090,大兴区
628,B000A46F75,褡裢火烧,餐饮服务;中餐厅;北京菜,050111,116.407252,39.933255,东城区
629,B0FFF3G8C6,宏源南门涮肉(后海店),餐饮服务;中餐厅;火锅店,050117,116.393885,39.938089,西城区
630,B000A816JF,眉州东坡酒楼(亚运村店),餐饮服务;中餐厅;四川菜(川菜),050102,116.405348,40.005435,朝阳区
631,B000A7WV4G,晋阳饭荘(马西路店),餐饮服务;中餐厅;特色/地方风味餐厅,050118,116.371422,39.832822,丰台区
632,B000A7R2KE,亦海人家(宏达北路店),餐饮服务;中餐厅;综合酒楼,050101,116.505480,39.802143,大兴区
633,B0FFG105VZ,膳宜坊湘味小厨(北大地店),餐饮服务;中餐厅;湖南菜(湘菜),050108,116.281903,39.851918,丰台区
634,B000A8VUCY,胡同四十四号厨房(德胜门店),餐饮服务;中餐厅;中餐厅,050100,116.379960,39.945235,西城区
635,B000A8871H,京沪满堂,餐饮服务;中餐厅;中餐厅,050100,116.560260,40.067262,顺义区
636,B000A80N4T,小半岛东北老菜馆(装修中),餐饮服务;中餐厅;东北菜,050113,116.355512,39.888514,西城区
637,B000A8X75O,蝎王府,餐饮服务;中餐厅;火锅店,050117,116.318698,39.884285,丰台区
638,B000A87WX0,很久很久以前烤串坊(物资学院店),餐饮服务;中餐厅;特色/地方风味餐厅,050118,116.639629,39.925922,通州区
639,B000A7S194,京味斋食府(月坛店),餐饮服务;中餐厅;北京菜,050111,116.340847,39.913588,西城区
640,B000A7P8FU,海碗居(牡丹园店),餐饮服务;中餐厅;北京菜,050111,116.367250,39.977791,海淀区
641,B0FFFUC6YL,外婆家(荟聚购物中心),餐饮服务;中餐厅;浙江菜,050106,116.325887,39.788932,大兴区
642,B000A85P8Q,大碗居餐厅(崇文门店),餐饮服务;中餐厅;中餐厅,050100,116.414259,39.897088,东城区
643,B000A74A8C,姚记炒肝店(鼓楼店),餐饮服务;中餐厅;北京菜,050111,116.396817,39.940924,东城区
644,B000A9EVIJ,海底捞火锅(大钟寺店),餐饮服务;中餐厅;火锅店,050117,116.342244,39.965929,海淀区
645,B000A80TJH,龙顺园麻辣香锅(机场总店),餐饮服务;中餐厅;火锅店,050117,116.595311,40.047914,朝阳区
646,B000A8W7KG,湘容和湘菜(志新桥店),餐饮服务;中餐厅;湖南菜(湘菜),050108,116.365964,39.988959,海淀区
647,B000A83EGV,京百万(天通北苑店),餐饮服务;中餐厅;特色/地方风味餐厅,050118,116.439375,40.077852,昌平区
648,B000A7GW2X,聚柳林烤鸭店(魏公村店),餐饮服务;中餐厅;特色/地方风味餐厅,050118,116.324611,39.950307,海淀区
649,B000A6A8F0,赣南人家(劲松店),餐饮服务;中餐厅;中餐厅,050100,116.451113,39.882244,朝阳区
650,B000A1184A,新疆美食村(望京店),餐饮服务;中餐厅;清真菜馆,050121,116.475364,39.986706,朝阳区
651,B000A7BWW5,小楼饭店(清真店),餐饮服务;中餐厅;清真菜馆|餐饮服务;中餐厅;综合酒楼,050121|050101,116.668810,39.907683,通州区
652,B0FFFFXHPE,库迈墨西哥餐吧(工体北路店),餐饮服务;外国餐厅;墨西哥菜,050216,116.456753,39.931848,朝阳区
653,B000A85GXZ,苏州回民饭馆(苏州胡同店),餐饮服务;中餐厅;清真菜馆,050121,116.423920,39.905650,东城区
654,B000A7ONYG,小牛海记潮汕牛肉店(永定路店),餐饮服务;中餐厅;火锅店,050117,116.264850,39.920333,海淀区
655,B000A8W2GV,新疆巴州金丝特餐厅(皂君庙店),餐饮服务;中餐厅;清真菜馆,050121,116.340250,39.963922,海淀区
656,B000A683B6,潮皇食府(莲花池东路店),餐饮服务;中餐厅;潮州菜,050123,116.346557,39.898382,西城区
657,B000AA19MN,金谷园,餐饮服务;中餐厅;特色/地方风味餐厅,050118,116.357569,39.956256,海淀区
658,B000A9OK4U,老磁器口豆汁店(天坛店),餐饮服务;中餐厅;清真菜馆,050121,116.412975,39.888654,东城区
659,B000A8X54K,小青烧烤园,餐饮服务;中餐厅;特色/地方风味餐厅,050118,116.328420,39.727809,大兴区
660,B000A80WW3,惠丰涮肉馆(西外店),餐饮服务;中餐厅;火锅店,050117,116.346894,39.939597,西城区
661,B000A7XHCD,伊兰轩餐厅(樱花园西街),餐饮服务;中餐厅;清真菜馆,050121,116.417942,39.974538,朝阳区
662,B000A7J8LP,富江南(南礼士路店),餐饮服务;中餐厅;综合酒楼,050101,116.345664,39.905648,西城区
663,B000A7C5OV,聚德华天玉华台饭庄,餐饮服务;中餐厅;中餐厅,050100,116.384289,39.972497,西城区
664,B000A3B638,京味精餐厅,餐饮服务;中餐厅;北京菜,050111,116.363119,39.893880,西城区
665,B000A39B59,马大胡子食府,餐饮服务;中餐厅;清真菜馆,050121,116.417586,40.004309,朝阳区
666,B000A85U9J,百年食府(大兴黄村店),餐饮服务;中餐厅;海鲜酒楼,050119,116.321460,39.762319,大兴区
667,B000A87X4A,金华缘烤鸭(采育大街店),餐饮服务;中餐厅;特色/地方风味餐厅,050118,116.631406,39.656277,大兴区
668,B000A80I4O,日昌餐馆(地安门总店),餐饮服务;中餐厅;广东菜(粤菜),050103,116.394058,39.933275,西城区
669,B000A7DFZ4,大鸭梨烤鸭店(旧宫店),餐饮服务;中餐厅;特色/地方风味餐厅,050118,116.433970,39.804437,大兴区
670,B000A87QPV,护国寺小吃(红莲店),餐饮服务;中餐厅;特色/地方风味餐厅|风景名胜;风景名胜;寺庙道观,050118|110205,116.337784,39.876999,西城区
671,B000A843FJ,肯德基(地安门外大街店),餐饮服务;快餐厅;肯德基,050301,116.396447,39.933872,西城区
672,B000A1A549,海底捞火锅(牡丹园店)(装修中),餐饮服务;中餐厅;火锅店,050117,116.368405,39.979020,海淀区
673,B000A7Z59O,护国寺小吃(东四店),餐饮服务;中餐厅;中餐厅,050100,116.417356,39.932523,东城区
674,B000A8ZG5R,朝阳门涮肉(装修中),餐饮服务;中餐厅;中餐厅,050100,116.430280,39.925020,东城区
675,B000A7NLHL,将台涮肉(酒仙桥店),餐饮服务;中餐厅;火锅店,050117,116.489072,39.973084,朝阳区
676,B000A7C0TZ,新加坡泰国村鱼翅酒楼(劲松店),餐饮服务;外国餐厅;泰国/越南菜品餐厅,050206,116.460527,39.882886,朝阳区
677,B000A28216,全鑫园烤鸭店(天坛店),餐饮服务;中餐厅;特色/地方风味餐厅,050118,116.421147,39.882966,东城区
678,B000AA40SP,京湘玉,餐饮服务;中餐厅;湖南菜(湘菜)|餐饮服务;中餐厅;综合酒楼,050108|050101,116.294583,39.939669,海淀区
679,B000A83FTF,大鸭梨烤鸭(天通苑西3区店),餐饮服务;中餐厅;特色/地方风味餐厅,050118,116.410156,40.074449,昌平区
680,B000A7C2AR,红蕃茄(北京万寿路店),餐饮服务;中餐厅;综合酒楼,050101,116.296854,39.912801,海淀区
681,B000A84DGJ,宏状元(东直门店),餐饮服务;中餐厅;中餐厅,050100,116.436726,39.936673,东城区
682,B000A81BNJ,嘉和一品粥(魏公村店),餐饮服务;中餐厅;特色/地方风味餐厅,050118,116.322423,39.957282,海淀区
683,B000A806M5,田老师红烧肉(古城店),餐饮服务;快餐厅;快餐厅,050300,116.185895,39.911033,石景山区
684,B000A7PTKU,老娄家锅烙(新桥南街店),餐饮服务;中餐厅;中餐厅,050100,116.107243,39.930473,门头沟区
685,B000A8X889,庆丰包子铺(万年花城店),餐饮服务;中餐厅;中餐厅,050100,116.318811,39.848274,丰台区
686,B000A85MI0,北平居菜馆,餐饮服务;中餐厅;中餐厅,050100,116.384148,39.903729,西城区
687,B000A7YZLT,军旅食府(金沟河店),餐饮服务;中餐厅;四川菜(川菜),050102,116.276048,39.919718,海淀区
688,B000A46F36,海南食府,餐饮服务;中餐厅;福建菜,050110,116.408546,39.954373,东城区
689,B0FFHGLG24,106餐厅(百子湾店),餐饮服务;中餐厅;山东菜(鲁菜),050104,116.496238,39.901211,朝阳区
690,B000A9P9FB,沙县小吃(美立方店),餐饮服务;中餐厅;中餐厅,050100,116.418899,40.037951,朝阳区
691,B000A7PT0Z,兰州老马拉面(音乐学院店),餐饮服务;中餐厅;清真菜馆,050121,116.652822,39.875389,通州区
692,B000A7C2ID,海淀家常菜天外天烤鸭店(海淀南路),餐饮服务;中餐厅;特色/地方风味餐厅,050118,116.314695,39.975634,海淀区
693,B000A816LM,京味斋烤鸭店(劲松店),餐饮服务;中餐厅;北京菜,050111,116.459783,39.881828,朝阳区
694,B000A7QC3I,盛和轩(长丰园店),餐饮服务;中餐厅;综合酒楼,050101,116.293580,39.779970,大兴区
695,B000A8VNNF,富顺风味,餐饮服务;中餐厅;四川菜(川菜),050102,116.415385,40.084261,昌平区
696,B000A87FEI,古井桂鱼乡,餐饮服务;中餐厅;湖南菜(湘菜),050108,116.437895,40.028996,朝阳区
697,B000A840QQ,京诚小院(北沙滩店),餐饮服务;中餐厅;中餐厅,050100,116.370371,40.004635,朝阳区
698,B000A8823H,东城阁酒楼(红螺寺店),餐饮服务;中餐厅;综合酒楼|餐饮服务;中餐厅;湖南菜(湘菜),050101|050108,116.630749,40.353585,怀柔区
699,B000A7I8G8,王胖子驴肉火烧(鼓楼店),餐饮服务;中餐厅;特色/地方风味餐厅,050118,116.390246,39.942510,西城区
700,B000A8VU2Z,百姓家餐厅(嘉华大厦店),餐饮服务;快餐厅;快餐厅,050300,116.308446,40.037655,海淀区
701,B000A8W0Z8,比格比萨(管庄店),餐饮服务;快餐厅;快餐厅,050300,116.595119,39.912154,朝阳区
702,B000A81B55,全聚德烤鸭店(前门店),餐饮服务;中餐厅;北京菜,050111,116.398323,39.896653,东城区
703,B000A9JPBD,贵宾楼,餐饮服务;中餐厅;中餐厅,050100,116.322223,39.744914,大兴区
704,B000A7ZI8C,便宜坊(玉蜓桥店),餐饮服务;中餐厅;老字号,050116,116.420904,39.873804,东城区
705,B000A7PTC1,9号院东北家常菜,餐饮服务;中餐厅;火锅店|餐饮服务;中餐厅;东北菜,050117|050113,116.404897,39.813521,丰台区
706,B000A8620Z,香婆婆汉中小吃,餐饮服务;中餐厅;中餐厅,050100,116.458912,39.885337,朝阳区
707,B000A7WWYT,客家小镇菜馆(南河沿店),餐饮服务;中餐厅;中餐厅,050100,116.406397,39.909655,东城区
708,B000A882BI,田老师红烧肉(八面店),餐饮服务;快餐厅;快餐厅,050300,116.580108,39.914642,朝阳区
709,B000A8W1S0,渝乡辣婆婆(万丰路店),餐饮服务;中餐厅;四川菜(川菜),050102,116.294067,39.872754,丰台区
710,B000A7O2ND,东北虎菜厅,餐饮服务;中餐厅;东北菜,050113,116.398594,39.963164,朝阳区
711,B000A7ZDMP,隆和居美食城(正义路),餐饮服务;中餐厅;中餐厅,050100,116.406575,39.903422,东城区
712,B000A8XR6G,巴乡石锅鱼(马泉营村路),餐饮服务;中餐厅;中餐厅,050100,116.512592,40.037033,朝阳区
713,B000A7XE56,湘西小辣椒(马莲道店),餐饮服务;中餐厅;湖南菜(湘菜),050108,116.322407,39.889274,丰台区
714,B000A853A9,新竹烤鸭(潞邑店),餐饮服务;中餐厅;特色/地方风味餐厅,050118,116.692685,39.931422,通州区
715,B000A833Q6,老上海城隍庙小吃(学院桥分店),餐饮服务;中餐厅;特色/地方风味餐厅,050118,116.347418,39.986287,海淀区
716,B000A80LPX,肯德基(六里桥南路店),餐饮服务;快餐厅;肯德基,050301,116.312355,39.878891,丰台区
717,B000A8XAW9,三义和酒楼(国奥村店),餐饮服务;中餐厅;综合酒楼,050101,116.381488,40.009054,朝阳区
718,B0FFHR63MA,美味斋,餐饮服务;中餐厅;上海菜,050107,116.368795,39.889664,西城区
719,B000A81B94,颐和轩餐厅,餐饮服务;中餐厅;中餐厅,050100,116.312132,39.898073,海淀区
720,B000A8U2JZ,新开元,餐饮服务;中餐厅;浙江菜,050106,116.281258,39.924661,海淀区
721,B000A87R2K,芦月轩羊蝎子(太平桥店),餐饮服务;中餐厅;火锅店,050117,116.317359,39.878739,丰台区
722,B000A7GXIB,饭前饭后(南新仓店),餐饮服务;中餐厅;台湾菜,050122,116.430647,39.931663,东城区
723,B000A8WBXH,福宫餐厅,餐饮服务;中餐厅;中餐厅,050100,116.385171,39.886750,西城区
724,B000A84D3V,大渔(工体店),餐饮服务;中餐厅;海鲜酒楼,050119,116.450795,39.931294,朝阳区
725,B000A7CCGY,惠丰堂饺子(翠微路店),餐饮服务;中餐厅;特色/地方风味餐厅,050118,116.303305,39.908955,海淀区
726,B000A8X8RT,巫山烤鱼·家常菜,餐饮服务;中餐厅;四川菜(川菜),050102,116.332719,39.740122,大兴区
727,B000A80NCQ,秋轩餐厅(大方胡同店),餐饮服务;中餐厅;中餐厅,050100,116.379646,39.901718,西城区
728,B000A809BZ,湘情湘缘,餐饮服务;中餐厅;湖南菜(湘菜),050108,116.419921,40.060439,昌平区
729,B000A7R000,燕春(分店),餐饮服务;中餐厅;中餐厅,050100,115.973724,40.459163,延庆区
730,B000A7C0YC,东兴顺爆肚张,餐饮服务;中餐厅;清真菜馆,050121,116.394701,39.938685,西城区
731,B000A7BWPT,老来顺饭庄(太平路店),餐饮服务;中餐厅;中餐厅,050100,116.288342,39.900373,海淀区
732,B000A7ZDMB,功德林(前门店),餐饮服务;中餐厅;中式素菜馆,050120,116.411692,39.900418,东城区
733,B000A84M6X,京味斋食府(望京店),餐饮服务;中餐厅;北京菜,050111,116.462483,39.992492,朝阳区
734,B000A80BUC,老诚一锅(双榆树店),餐饮服务;中餐厅;火锅店,050117,116.323944,39.971422,海淀区
735,B0FFFDQVO9,Pakpak喜悦泰国餐厅(远洋光华国际店),餐饮服务;外国餐厅;泰国/越南菜品餐厅,050206,116.454354,39.916048,朝阳区
736,B000A7XEZL,新疆伽师餐厅(文慧桥店),餐饮服务;中餐厅;清真菜馆,050121,116.363933,39.952299,海淀区
737,B0FFI8XPWI,油麻广东菜馆(百盛购物中心复兴门店北楼),餐饮服务;中餐厅;中餐厅,050100,116.358585,39.908982,西城区
738,B000A87F2F,江边城外烤鱼(方庄店),餐饮服务;中餐厅;特色/地方风味餐厅,050118,116.430286,39.863722,丰台区
739,B000A844XQ,大鸭梨烤鸭(天通西苑店),餐饮服务;中餐厅;特色/地方风味餐厅,050118,116.416107,40.066995,昌平区
740,B000A82T6O,杨家火锅(管庄店),餐饮服务;中餐厅;火锅店,050117,116.582728,39.913652,朝阳区
741,B000A80KJW,大鸭梨烤鸭(青塔店),餐饮服务;中餐厅;特色/地方风味餐厅,050118,116.264292,39.892033,丰台区
742,B0FFGSEKBW,呷哺呷哺(荟聚购物中心),餐饮服务;快餐厅;呷哺呷哺,050311,116.326318,39.786734,大兴区
743,B000A85U1S,西部马华美食庄园,餐饮服务;中餐厅;综合酒楼,050101,116.228138,39.952762,海淀区
744,B0FFFNJI3F,天外天烤鸭店(老好吃店),餐饮服务;中餐厅;特色/地方风味餐厅,050118,116.385407,39.884747,西城区
745,B000A8WC2I,湘西土菜(望京店),餐饮服务;中餐厅;湖南菜(湘菜),050108,116.464471,39.996690,朝阳区
746,B000A8VWP5,北海明珠海鲜宫,餐饮服务;中餐厅;海鲜酒楼,050119,116.581229,39.908317,朝阳区
747,B000A8UL5O,张记酱牛肉(虎坊桥店),餐饮服务;中餐厅;火锅店,050117,116.384487,39.891797,西城区
748,B000A84BQ5,湘江宴,餐饮服务;中餐厅;综合酒楼,050101,116.349025,39.986172,海淀区
749,B000A81K2E,俏湘厨(北洼路店),餐饮服务;中餐厅;湖南菜(湘菜),050108,116.304751,39.937635,海淀区
750,B000A8VP3X,百福百顺巴乡石锅鱼(温阳路),餐饮服务;中餐厅;中餐厅,050100,116.160935,40.072529,海淀区
751,B000A87ABG,明月三千里烤肉店,餐饮服务;中餐厅;特色/地方风味餐厅,050118,116.344441,39.741839,大兴区
752,B000A80NU2,肯德基(建外SOHO店),餐饮服务;快餐厅;肯德基,050301,116.460805,39.905211,朝阳区
753,B000A80GUJ,麦当劳(工体北路店),餐饮服务;快餐厅;麦当劳,050302,116.438457,39.934057,东城区
754,B0FFHAF6TN,松子日本料理(六里桥店),餐饮服务;外国餐厅;外国餐厅,050200,116.297333,39.882317,丰台区
755,B000A84BEP,关二烤羊腿(龙翔路店),餐饮服务;中餐厅;特色/地方风味餐厅,050118,116.378913,39.981790,海淀区
756,B000A8ZNGQ,德顺斋(安贞里一区店),餐饮服务;中餐厅;清真菜馆,050121,116.404489,39.974623,朝阳区
757,B000A7XSJ4,淮扬村(西站店),餐饮服务;中餐厅;中餐厅,050100,116.320753,39.902414,海淀区
758,B000A7C46C,大碗张拉面(牡丹园店),餐饮服务;中餐厅;中餐厅,050100,116.369085,39.977183,海淀区
759,B000A88IHT,银滩金汤(四惠店),餐饮服务;中餐厅;火锅店,050117,116.510171,39.905870,朝阳区
760,B000A880ZL,鑫丰润饭店,餐饮服务;中餐厅;中餐厅,050100,116.401641,39.631054,大兴区
761,B0FFG7P2XQ,黑牛时代韩式烤肉店(顺义店),餐饮服务;外国餐厅;韩国料理,050203,116.655600,40.099071,顺义区
762,B000A2AC80,老熟人烤肉城,餐饮服务;中餐厅;特色/地方风味餐厅,050118,116.390020,39.856793,丰台区
763,B000A81I0Q,渝味村饭庄(西三旗店),餐饮服务;中餐厅;四川菜(川菜),050102,116.342188,40.059295,昌平区
764,B0FFFW4VXD,云海肴·云南菜(华联商厦),餐饮服务;中餐厅;云贵菜,050114,116.318752,40.076520,昌平区
765,B000AA0H09,义气烤肉(双井店),餐饮服务;中餐厅;特色/地方风味餐厅,050118,116.458110,39.899839,朝阳区
766,B000A8W185,湘肠香酒楼(莲花池店),餐饮服务;中餐厅;综合酒楼,050101,116.340207,39.898724,西城区
767,B000A87GGD,龙人居川菜(南礼士路店),餐饮服务;中餐厅;四川菜(川菜),050102,116.352428,39.907957,西城区
768,B000A7ZOB6,到家尝烤鸭,餐饮服务;中餐厅;北京菜,050111,116.435726,39.965144,朝阳区
769,B000A7WEWL,祝氏第一锅羊蝎子火锅店(天通苑店),餐饮服务;中餐厅;火锅店,050117,116.410809,40.067712,昌平区
770,B000A587B0,红红烤鸭店(太仆寺街店),餐饮服务;中餐厅;特色/地方风味餐厅,050118,116.379185,39.912214,西城区
771,B0FFGONZPA,巴依老爷特色烤馕(昌平店),餐饮服务;中餐厅;清真菜馆,050121,116.230640,40.212232,昌平区
772,B000A85Q56,玉林烤鸭店(华威桥分店),餐饮服务;中餐厅;特色/地方风味餐厅,050118,116.467351,39.868811,朝阳区
773,B000A85OAY,老诚一锅(团结湖店),餐饮服务;中餐厅;火锅店,050117,116.466584,39.934135,朝阳区
774,B000A84PYZ,大碗饺子(昌平店),餐饮服务;中餐厅;特色/地方风味餐厅,050118,116.230969,40.223972,昌平区
775,B000A85K9P,金百万烤鸭海鲜(望京花园店),餐饮服务;中餐厅;特色/地方风味餐厅,050118,116.477921,40.008404,朝阳区
776,B000A7X393,日昌餐馆(亦庄店),餐饮服务;快餐厅;茶餐厅,050305,116.498491,39.791021,大兴区
777,B000A85S6J,田老师红烧肉(大兴南小街店),餐饮服务;快餐厅;快餐厅,050300,116.420361,39.788500,丰台区
778,B000A84EKA,嘉和一品粥(嘉园路店),餐饮服务;中餐厅;特色/地方风味餐厅,050118,116.367268,39.845713,丰台区
779,B000A8UMC1,西来顺(新华街店),餐饮服务;中餐厅;清真菜馆,050121,116.384348,39.901757,西城区
780,B000A840NC,四川简阳羊肉汤火锅(百子湾店),餐饮服务;中餐厅;火锅店,050117,116.487084,39.900790,朝阳区
781,B000AA8IQU,香辣蟹,餐饮服务;中餐厅;海鲜酒楼,050119,115.977983,40.448090,延庆区
782,B000A87Y1D,老马拉面(耿丹大学店),餐饮服务;中餐厅;清真菜馆,050121,116.655485,40.212709,顺义区
783,B000A8WA8J,翠满楼(岳各庄店),餐饮服务;中餐厅;北京菜,050111,116.270433,39.883504,丰台区
784,B000A87FEN,奇门涮羊肉(簋街总店),餐饮服务;中餐厅;火锅店,050117,116.419110,39.940794,东城区
785,B000A7XR78,凤凰湘宴(万寿寺店),餐饮服务;中餐厅;中餐厅,050100,116.313688,39.950249,海淀区
786,B000A7O0U1,钱塘花园酒楼,餐饮服务;中餐厅;浙江菜|餐饮服务;中餐厅;综合酒楼,050106|050101,116.321225,39.972873,海淀区
787,B000A84XIR,大顺斋(牛街店),餐饮服务;快餐厅;快餐厅,050300,116.363300,39.887236,西城区
788,B000A80OPV,嘉和一品(方庄店),餐饮服务;中餐厅;特色/地方风味餐厅,050118,116.422336,39.865977,丰台区
789,B000A8095C,吉野家(大北窑店),餐饮服务;快餐厅;吉野家,050309,116.460742,39.906361,朝阳区
790,B000A7ZIUM,吉野家(北京站店),餐饮服务;快餐厅;吉野家,050309,116.425447,39.905500,东城区
791,B000A7S0AF,嘉和一品粥(中关村店),餐饮服务;中餐厅;特色/地方风味餐厅,050118,116.307096,39.982228,海淀区
792,B000A9JH36,淮扬菜品鉴堂,餐饮服务;中餐厅;江苏菜,050105,116.311056,39.925275,海淀区
793,B000A8VNOU,哇哇叫(东直门外大街),餐饮服务;中餐厅;中餐厅,050100,116.445526,39.941477,朝阳区
794,B000A85JGX,丝路驿站,餐饮服务;中餐厅;清真菜馆,050121,116.478740,39.975109,朝阳区
795,B000A7XD7V,西北风味(七星园路店),餐饮服务;中餐厅;清真菜馆,050121,116.216488,39.898630,石景山区
796,B000A8UHMP,金百万(孙河店),餐饮服务;中餐厅;特色/地方风味餐厅,050118,116.502979,40.041396,朝阳区
797,B000A7ZVE5,阳坊大都涮羊肉(塔院店),餐饮服务;中餐厅;火锅店,050117,116.361583,39.976924,海淀区
798,B000A7ZJS9,大鸭梨烤鸭(通州梨园店),餐饮服务;中餐厅;特色/地方风味餐厅,050118,116.643558,39.876740,通州区
799,B000A882UP,海波酒家,餐饮服务;中餐厅;综合酒楼,050101,117.431549,40.650870,密云区
800,B000A882UP,海波酒家,餐饮服务;中餐厅;综合酒楼,050101,117.431549,40.650870,密云区
801,B0FFG4U9VR,牛街聚宝源涮肉(望京店),餐饮服务;中餐厅;清真菜馆,050121,116.470088,40.005328,朝阳区
802,B000A8ZI2T,便宜坊(三里屯店),餐饮服务;中餐厅;老字号,050116,116.449594,39.934445,朝阳区
803,B000A85NR6,蝎王府(西直门店),餐饮服务;中餐厅;火锅店,050117,116.347948,39.950488,海淀区
804,B000A7WEBN,大鸭梨烤鸭(回龙观店),餐饮服务;中餐厅;特色/地方风味餐厅,050118,116.334134,40.074029,昌平区
805,B000AA1B1R,沙县小吃(潘家园店)(装修中),餐饮服务;中餐厅;中餐厅,050100,116.461969,39.875842,朝阳区
806,B000A1AC02,宏状元精品粥,餐饮服务;中餐厅;中餐厅,050100,116.309708,39.933257,海淀区
807,B000A8WAFI,司徒拔道港式茶餐厅(建外店),餐饮服务;快餐厅;茶餐厅,050305,116.456863,39.907008,朝阳区
808,B000A84CGM,吉野家(中关村三店),餐饮服务;快餐厅;吉野家,050309,116.325276,39.945213,海淀区
809,B000A7Y9BV,金百万烤鸭店(马甸店),餐饮服务;中餐厅;特色/地方风味餐厅,050118,116.390770,39.973072,朝阳区
810,B000A7WT32,嘉和一品粥(三里河店),餐饮服务;中餐厅;特色/地方风味餐厅,050118,116.339467,39.914146,西城区
811,B000A840C2,丽思卡尔顿酒店大宴会厅,餐饮服务;中餐厅;中餐厅,050100,116.480900,39.910556,朝阳区
812,B000A9PEW1,北平盛世(劲松店),餐饮服务;中餐厅;北京菜|餐饮服务;中餐厅;清真菜馆,050111|050121,116.463968,39.886180,朝阳区
813,B000A85KZ2,小白鲨(北京四季青桥店),餐饮服务;中餐厅;中餐厅,050100,116.280228,39.948191,海淀区
814,B000A87OM7,全聚德烤鸭店(亦庄博大路店),餐饮服务;中餐厅;北京菜,050111,116.484199,39.818239,朝阳区
815,B000A80TJ1,香如意粥铺(立水桥店),餐饮服务;中餐厅;中餐厅,050100,116.420988,40.074931,昌平区
816,B000A8WEF4,吉野家(定慧东桥店),餐饮服务;快餐厅;吉野家,050309,116.276952,39.928065,海淀区
817,B000A7RGRY,芙蓉轩(招商大厦西南),餐饮服务;中餐厅;湖南菜(湘菜),050108,116.818388,40.364960,密云区
818,B000A8ULGL,锦芳(前门店),餐饮服务;中餐厅;中餐厅,050100,116.399836,39.896216,东城区
819,B000AA88P0,呷哺呷哺(昌平永旺店),餐饮服务;快餐厅;呷哺呷哺,050311,116.288560,40.096761,昌平区
820,B000A8X8P9,锦府盐帮酒楼(亦庄店),餐饮服务;中餐厅;综合酒楼,050101,116.499119,39.801461,大兴区
821,B000A8VUQB,江边城外烤全鱼(酒仙桥店),餐饮服务;中餐厅;特色/地方风味餐厅,050118,116.489484,39.975073,朝阳区
822,B000A83K3G,王家渡火锅(奥运村店),餐饮服务;中餐厅;火锅店,050117,116.400657,40.004520,朝阳区
823,B000A8846D,金百万烤鸭店(后沙峪店),餐饮服务;中餐厅;特色/地方风味餐厅,050118,116.543736,40.098950,顺义区
824,B000A7ZPC1,箩箩贵州酸汤鱼(望京店),餐饮服务;中餐厅;云贵菜,050114,116.466005,39.978379,朝阳区
825,B000A885JQ,儒宴(亦庄天宝北街店),餐饮服务;中餐厅;火锅店,050117,116.488609,39.796839,大兴区
826,B000A8ZNI7,北京源满纶饺子坊,餐饮服务;中餐厅;特色/地方风味餐厅,050118,116.412016,39.932813,东城区
827,B000A84LGN,小红蕃薯(天竺花园店),餐饮服务;中餐厅;中餐厅,050100,116.563452,40.062346,顺义区
828,B000A82T6Z,水萝卜饺子(西环路店),餐饮服务;中餐厅;特色/地方风味餐厅,050118,116.227159,40.214840,昌平区
829,B000A84DTP,北京奥加美术馆酒店,住宿服务;宾馆酒店;四星级宾馆|餐饮服务;中餐厅;中餐厅,100103|050100,116.448099,39.940655,朝阳区
830,B0FFFS49KN,潇湘码头(房山店),餐饮服务;中餐厅;湖南菜(湘菜),050108,116.068650,39.656444,房山区
831,B000A7CBCD,海碗居,餐饮服务;中餐厅;北京菜,050111,116.330878,39.927979,海淀区
832,B000A6E6B0,大粥锅粥店(万寿路店),餐饮服务;中餐厅;中餐厅,050100,116.297504,39.912787,海淀区
833,B000A7WVLC,京碗居老北京炸酱面大王(金泰公寓店),餐饮服务;中餐厅;北京菜,050111,116.505635,39.808955,大兴区
834,B000A8WXY0,外婆家(北京apm),餐饮服务;中餐厅;浙江菜,050106,116.411704,39.915143,东城区
835,B000A87J3M,全聚德烤鸭店(三元桥店),餐饮服务;中餐厅;北京菜,050111,116.461031,39.954163,朝阳区
836,B000A7CE24,老西安饭庄(新街口南大街店),餐饮服务;中餐厅;清真菜馆,050121,116.372877,39.940059,西城区
837,B000A8UFZV,义盛和酒楼(北七家镇店),餐饮服务;中餐厅;综合酒楼,050101,116.423143,40.117756,昌平区
838,B000A7X15I,牛一碗食府,餐饮服务;中餐厅;中餐厅,050100,116.284118,39.900358,海淀区
839,B000A3BD32,银岛饭店,餐饮服务;中餐厅;中餐厅,050100,116.340486,39.913881,西城区
840,B000A8169O,青年餐厅(良乡店)(装修中),餐饮服务;中餐厅;中餐厅,050100,116.136359,39.736288,房山区
841,B000A7R5GX,玉林烤鸭店(马驹桥店),餐饮服务;中餐厅;特色/地方风味餐厅,050118,116.556337,39.758039,通州区
842,B000A7OLYN,草原之星羔羊火锅城(延庆店),餐饮服务;中餐厅;火锅店,050117,115.997607,40.469197,延庆区
843,B000A884VI,北平新苑,餐饮服务;中餐厅;特色/地方风味餐厅,050118,116.377573,39.793655,丰台区
844,B000A80TPP,中央电视塔空中观景旋转餐厅,餐饮服务;中餐厅;中餐厅,050100,116.306291,39.919457,海淀区
845,B000A84H3X,刘记烧烤(南环路),餐饮服务;中餐厅;特色/地方风味餐厅,050118,116.236444,40.213437,昌平区
846,B0FFHU9809,九本居酒屋(交大东路店),餐饮服务;外国餐厅;日本料理,050202,116.347423,39.953389,海淀区
847,B000A8404E,双流老妈兔头(双井店),餐饮服务;中餐厅;中餐厅,050100,116.461947,39.890285,朝阳区
848,B000A83GNF,庆丰包子铺(望京2店),餐饮服务;中餐厅;特色/地方风味餐厅,050118,116.462293,40.009278,朝阳区
849,B000A9O60T,桂林米粉,餐饮服务;中餐厅;特色/地方风味餐厅,050118,116.291907,39.947199,海淀区
850,B000A80CPC,晋B2008春饼店,餐饮服务;中餐厅;中餐厅,050100,116.281859,39.941293,海淀区
851,B0FFG4U954,戈拿旺巴西烤肉(亚运村直营店),餐饮服务;外国餐厅;巴西菜,050215,116.424695,39.994012,朝阳区
852,B000A8WBDX,香辣居(望京店),餐饮服务;中餐厅;特色/地方风味餐厅,050118,116.472908,39.995652,朝阳区
853,B000A85G8T,重庆壹圣元火锅(安定门店),餐饮服务;中餐厅;火锅店,050117,116.407694,39.954583,东城区
854,B000A85CKG,七彩云南大酒楼(安贞店),餐饮服务;中餐厅;云贵菜,050114,116.409902,39.967415,东城区
855,B000A80XBU,老宅院烤鸭,餐饮服务;中餐厅;特色/地方风味餐厅,050118,116.407099,39.927192,东城区
856,B000A7XRE3,鬼味烤翅(南锣鼓巷店),餐饮服务;中餐厅;中餐厅,050100,116.400508,39.938287,东城区
857,B000A7PSLM,来一碗牛肉面(金沟河路),餐饮服务;中餐厅;清真菜馆,050121,116.261835,39.917826,海淀区
858,B000A7IFPH,全成泉来顺,餐饮服务;中餐厅;清真菜馆,050121,116.339158,39.915828,西城区
859,B000A7CO2C,怡和春天(和平里店),餐饮服务;中餐厅;综合酒楼,050101,116.432971,39.955089,朝阳区
860,B000A6BD40,金眼睛(魏公村店),餐饮服务;中餐厅;中餐厅,050100,116.317295,39.946814,海淀区
861,B000A61D1B,健魁春饺子楼(北礼士路店),餐饮服务;中餐厅;特色/地方风味餐厅,050118,116.353177,39.934597,西城区
862,B000A2B5B1,草原兴发小羊羔,餐饮服务;中餐厅;火锅店,050117,116.469479,39.841613,朝阳区
863,B000A85P01,那家小馆(七九八店),餐饮服务;中餐厅;中餐厅,050100,116.493764,39.987669,朝阳区
864,B000A7TD6Y,好再来川菜馆(友谊路),餐饮服务;中餐厅;四川菜(川菜),050102,116.401180,39.784521,大兴区
865,B000ABBS66,呷哺呷哺(石景山华联店),餐饮服务;快餐厅;呷哺呷哺,050311,116.219770,39.906505,石景山区
866,B000A8WCXB,蓬莱阁(景华南街),餐饮服务;中餐厅;中餐厅,050100,116.456787,39.913954,朝阳区
867,B000A85JVW,蜀山竹海酒楼,餐饮服务;中餐厅;综合酒楼|住宿服务;宾馆酒店;宾馆酒店,050101|100100,116.419449,39.845629,丰台区
868,B000A81J4M,罗马假日火锅城,餐饮服务;中餐厅;火锅店,050117,116.350453,39.918230,西城区
869,B000A80L8Y,欣园餐厅(草桥店),餐饮服务;中餐厅;中餐厅,050100,116.359212,39.841680,丰台区
870,B000A7Z07A,潮汕小馆(四道口店),餐饮服务;中餐厅;潮州菜,050123,116.348583,39.958389,海淀区
871,B000A7PL0M,金谷园酒楼(紫贵庄园西南),餐饮服务;中餐厅;综合酒楼,050101,117.099632,40.142302,平谷区
872,B000A8X8MG,九亿(当代商城鼎城店),餐饮服务;中餐厅;中餐厅,050100,116.194916,39.925863,石景山区
873,B000A7O5V9,太婆天府山珍(复兴门店),餐饮服务;中餐厅;中餐厅,050100,116.346076,39.908231,西城区
874,B000A7C3RW,东方沪园大酒楼,餐饮服务;中餐厅;综合酒楼|餐饮服务;中餐厅;上海菜,050101|050107,116.352893,39.939533,西城区
875,B000A876LL,相福四季涮肉(亦庄天华西路店),餐饮服务;中餐厅;火锅店,050117,116.492410,39.799936,大兴区
876,B000A8VUE0,我家小院(文明胡同),餐饮服务;快餐厅;茶餐厅,050305,116.385848,39.895551,西城区
877,B000A85G3P,辣婆婆(东元大都店),餐饮服务;中餐厅;四川菜(川菜),050102,116.420882,39.976928,朝阳区
878,B000A8VUOU,东江人家(惠新西街南口店),餐饮服务;中餐厅;广东菜(粤菜),050103,116.420448,39.976929,朝阳区
879,B000A85ZOB,水上人家,餐饮服务;中餐厅;中餐厅,050100,116.090683,39.601339,房山区
880,B000A8UTML,芦月轩羊蝎子(刘家窑店),餐饮服务;中餐厅;火锅店,050117,116.424022,39.855994,丰台区
881,B000A84G4R,八斗鸡(国贸店),餐饮服务;中餐厅;湖南菜(湘菜),050108,116.466634,39.907717,朝阳区
882,B000A7QH8P,苏浙汇(北京朝外店),餐饮服务;中餐厅;上海菜,050107,116.440575,39.927898,朝阳区
883,B000A87D75,帅乡石锅鱼(石景山店)(暂停营业),餐饮服务;中餐厅;中餐厅,050100,116.159121,39.932525,石景山区
884,B000A81J1Y,老广酒楼(安贞店),餐饮服务;中餐厅;综合酒楼|餐饮服务;中餐厅;广东菜(粤菜),050101|050103,116.425143,39.970650,朝阳区
885,B000A7FN8P,金疆西域食府(北辰东路店),餐饮服务;中餐厅;清真菜馆,050121,116.401033,40.002772,朝阳区
886,B000A7F5MO,豫大碗(永定路店),餐饮服务;中餐厅;中餐厅,050100,116.264444,39.917160,海淀区
887,B000A7CL5F,天佑便民坊,餐饮服务;中餐厅;中餐厅,050100,116.328485,39.901481,海淀区
888,B000A8ZHEF,沙县小吃(北四环中路辅路),餐饮服务;中餐厅;特色/地方风味餐厅,050118,116.342917,39.986953,海淀区
889,B0FFHK265A,东华门烤鸭店(故宫店),餐饮服务;中餐厅;北京菜|餐饮服务;中餐厅;特色/地方风味餐厅,050111|050118,116.402698,39.915359,东城区
890,B000A8W14K,伊尹海参馆(万丰路店),餐饮服务;中餐厅;火锅店|餐饮服务;中餐厅;海鲜酒楼,050117|050119,116.295403,39.871978,丰台区
891,B000A878YZ,风波庄(石景山店),餐饮服务;中餐厅;特色/地方风味餐厅,050118,116.192566,39.908289,石景山区
892,B000A7PKHH,金百万烤鸭店(万城店),餐饮服务;中餐厅;特色/地方风味餐厅,050118,116.260657,39.918142,海淀区
893,B0FFG092C5,儒川园博大酒店,餐饮服务;中餐厅;综合酒楼,050101,115.983521,40.447333,延庆区
894,B000A28E15,阿西娅(六里桥店),餐饮服务;中餐厅;中餐厅,050100,116.300186,39.866868,丰台区
895,B000A9JOH5,老北京炸酱面,餐饮服务;中餐厅;中餐厅,050100,116.385115,39.894265,西城区
896,B000A88A3Z,老北京小吃店(安宁庄东路),餐饮服务;中餐厅;中餐厅,050100,116.333213,40.041069,海淀区
897,B000A8W8AU,护国寺小吃(新成店),餐饮服务;中餐厅;特色/地方风味餐厅,050118,116.372524,39.947380,西城区
898,B000A7XRPD,鸿毛饺子(广安门店),餐饮服务;中餐厅;特色/地方风味餐厅,050118,116.356365,39.890008,西城区
899,B000A7QJ38,天贵食府,餐饮服务;中餐厅;火锅店,050117,116.264133,39.865892,丰台区
